#
# There is insufficient memory for the Java Runtime Environment to continue.
# Native memory allocation (mmap) failed to map 515899392 bytes. Error detail: G1 virtual space
# Possible reasons:
#   The system is out of physical RAM or swap space
#   This process is running with CompressedOops enabled, and the Java Heap may be blocking the growth of the native heap
# Possible solutions:
#   Reduce memory load on the system
#   Increase physical memory or swap space
#   Check if swap backing store is full
#   Decrease Java heap size (-Xmx/-Xms)
#   Decrease number of Java threads
#   Decrease Java thread stack sizes (-Xss)
#   Set larger code cache with -XX:ReservedCodeCacheSize=
#   JVM is running with Zero Based Compressed Oops mode in which the Java heap is
#     placed in the first 32GB address space. The Java Heap base address is the
#     maximum limit for the native heap growth. Please use -XX:HeapBaseMinAddress
#     to set the Java Heap base and to place the Java Heap above 32GB virtual address.
# This output file may be truncated or incomplete.
#
#  Out of Memory Error (os_windows.cpp:3714), pid=16572, tid=1336
#
# JRE version: OpenJDK Runtime Environment Corretto-21.0.11.10.1 (21.0.11+10) (build 21.0.11+10-LTS)
# Java VM: OpenJDK 64-Bit Server VM Corretto-21.0.11.10.1 (21.0.11+10-LTS, mixed mode, sharing, tiered, compressed oops, compressed class ptrs, g1 gc, windows-amd64)
# No core dump will be written. Minidumps are not enabled by default on client versions of Windows
#

---------------  S U M M A R Y ------------

Command Line: --add-opens=java.base/java.util=ALL-UNNAMED --add-opens=java.base/java.lang=ALL-UNNAMED --add-opens=java.base/java.lang.invoke=ALL-UNNAMED --add-opens=java.prefs/java.util.prefs=ALL-UNNAMED --add-exports=jdk.compiler/com.sun.tools.javac.api=ALL-UNNAMED --add-exports=jdk.compiler/com.sun.tools.javac.util=ALL-UNNAMED --add-opens=java.base/java.nio.charset=ALL-UNNAMED --add-opens=java.base/java.net=ALL-UNNAMED --add-opens=java.base/java.util.concurrent.atomic=ALL-UNNAMED -Xmx4096M -Dfile.encoding=UTF-8 -Duser.country=US -Duser.language=en -Duser.variant -javaagent:C:\Users\Abdo\.gradle\wrapper\dists\gradle-8.9-bin\90cnw93cvbtalezasaz0blq0a\gradle-8.9\lib\agents\gradle-instrumentation-agent-8.9.jar org.gradle.launcher.daemon.bootstrap.GradleDaemon 8.9

Host: Intel(R) Core(TM) i7-4800MQ CPU @ 2.70GHz, 8 cores, 15G,  Windows 10 , 64 bit Build 19041 (10.0.19041.1889)
Time: Thu Jul 23 16:29:41 2026 Egypt Standard Time elapsed time: 201.448887 seconds (0d 0h 3m 21s)

---------------  T H R E A D  ---------------

Current thread (0x00000226d06765e0):  VMThread "VM Thread"          [id=1336, stack(0x0000007b9ca00000,0x0000007b9cb00000) (1024K)]

Stack: [0x0000007b9ca00000,0x0000007b9cb00000]
Native frames: (J=compiled Java code, j=interpreted, Vv=VM code, C=native code)
V  [jvm.dll+0x6df899]
V  [jvm.dll+0x8bc52b]
V  [jvm.dll+0x8beaba]
V  [jvm.dll+0x8bf193]
V  [jvm.dll+0x28aa16]
V  [jvm.dll+0x6dc1f5]
V  [jvm.dll+0x6d003a]
V  [jvm.dll+0x3650fe]
V  [jvm.dll+0x36cfcb]
V  [jvm.dll+0x3bea89]
V  [jvm.dll+0x3bed2b]
V  [jvm.dll+0x3392c7]
V  [jvm.dll+0x339357]
V  [jvm.dll+0x37d83c]
V  [jvm.dll+0x37c01e]
V  [jvm.dll+0x338a21]
V  [jvm.dll+0x37b68a]
V  [jvm.dll+0x8c4eef]
V  [jvm.dll+0x8c63d3]
V  [jvm.dll+0x8c6944]
V  [jvm.dll+0x8c6a43]
V  [jvm.dll+0x8672bd]
V  [jvm.dll+0x6de09d]
C  [ucrtbase.dll+0x21bb2]
C  [KERNEL32.DLL+0x17034]
C  [ntdll.dll+0x526a1]

VM_Operation (0x0000007ba36f9ad0): G1CollectForAllocation, mode: safepoint, requested by thread 0x000002271b726e90


---------------  P R O C E S S  ---------------

Threads class SMR info:
_java_thread_list=0x0000022732062020, length=139, elements={
0x00000226b11ea990, 0x00000226d0696a60, 0x00000226d0697b30, 0x00000226d069b8c0,
0x00000226d069c830, 0x00000226d069d290, 0x00000226d069e050, 0x00000226d06a73a0,
0x00000226d06ab4f0, 0x00000226d096cce0, 0x00000226d089d4e0, 0x000002271785c300,
0x0000022717955d40, 0x0000022717974680, 0x0000022717afde30, 0x0000022717abf9d0,
0x0000022717943c80, 0x0000022717a19be0, 0x0000022717adf8c0, 0x0000022717adff50,
0x0000022717ae05e0, 0x0000022717ae0c70, 0x0000022717ade510, 0x0000022717adeba0,
0x0000022717adf230, 0x000002271b821d60, 0x000002271b8223f0, 0x000002271b821040,
0x000002271b820320, 0x000002271b81e250, 0x000002271b822a80, 0x000002271b81fc90,
0x000002271b81d530, 0x000002271b81dbc0, 0x000002271b81e8e0, 0x000002271ae3cd00,
0x000002271ae37e40, 0x000002271a8c3b70, 0x000002271a8c4890, 0x000002271a18f5f0,
0x000002271a193100, 0x000002271a190310, 0x000002271ae391f0, 0x00000227193c3c00,
0x00000227193c4fb0, 0x00000227193ca500, 0x00000227193c4920, 0x00000227193cb220,
0x00000227193c8430, 0x00000227193c5640, 0x00000227193c9150, 0x00000227193c7710,
0x00000227193cab90, 0x00000227193c97e0, 0x00000227193c8ac0, 0x00000227193c5cd0,
0x00000227193c6360, 0x00000227193c7da0, 0x0000022716b86720, 0x0000022716b8c990,
0x000002272ae1bed0, 0x000002272ae1e630, 0x000002271a18e8d0, 0x000002271b823110,
0x000002271a8c2130, 0x00000227161d4410, 0x00000227161d0900, 0x00000227161d1cb0,
0x00000227161d2340, 0x00000227161d4aa0, 0x00000227161d0270, 0x00000227161d0f90,
0x00000227161d36f0, 0x00000227161d5130, 0x00000227161ceec0, 0x00000227161ce830,
0x00000227161cf550, 0x00000227161d3d80, 0x000002271b7240a0, 0x000002271b71d110,
0x000002271b71eb50, 0x000002271b723380, 0x000002271b724730, 0x000002271b723a10,
0x000002271b71d7a0, 0x000002271b724dc0, 0x000002271b722660, 0x000002271b722cf0,
0x000002271b71e4c0, 0x000002271b71de30, 0x000002271b725450, 0x000002271b725ae0,
0x000002271b726170, 0x000002271b71f1e0, 0x000002271b726800, 0x000002271b71f870,
0x000002271b726e90, 0x000002271b71ff00, 0x000002271b727520, 0x000002271b720590,
0x000002271b727bb0, 0x000002271b720c20, 0x000002271b728240, 0x000002271b7212b0,
0x000002271b721940, 0x000002271b7288d0, 0x000002271b728f60, 0x000002271b721fd0,
0x000002271b72b030, 0x000002271b72b6c0, 0x000002271b7295f0, 0x000002271b72bd50,
0x000002271b729c80, 0x000002271b72a310, 0x000002271b72c3e0, 0x000002271b72a9a0,
0x000002271b0c91f0, 0x000002271b0cb2c0, 0x000002271b0c9f10, 0x000002271b0ce0b0,
0x000002271b0cbfe0, 0x000002271b0c9880, 0x000002271b0ca5a0, 0x000002271b0cac30,
0x000002271b0cb950, 0x000002271b0cc670, 0x000002271b0ce740, 0x000002272bcae1d0,
0x000002272bcae860, 0x000002272bcaeef0, 0x000002272c5db270, 0x000002272bca6180,
0x00000227325f6ac0, 0x00000227325fb980, 0x00000227325fcd30, 0x00000227325f9f40,
0x00000227325fee00, 0x00000227325f8b90, 0x00000227325f7e70
}

Java Threads: ( => current thread )
  0x00000226b11ea990 JavaThread "main"                              [_thread_blocked, id=16596, stack(0x0000007b9c300000,0x0000007b9c400000) (1024K)]
  0x00000226d0696a60 JavaThread "Reference Handler"          daemon [_thread_blocked, id=6672, stack(0x0000007b9cb00000,0x0000007b9cc00000) (1024K)]
  0x00000226d0697b30 JavaThread "Finalizer"                  daemon [_thread_blocked, id=14088, stack(0x0000007b9cc00000,0x0000007b9cd00000) (1024K)]
  0x00000226d069b8c0 JavaThread "Signal Dispatcher"          daemon [_thread_blocked, id=4804, stack(0x0000007b9cd00000,0x0000007b9ce00000) (1024K)]
  0x00000226d069c830 JavaThread "Attach Listener"            daemon [_thread_blocked, id=13912, stack(0x0000007b9ce00000,0x0000007b9cf00000) (1024K)]
  0x00000226d069d290 JavaThread "Service Thread"             daemon [_thread_blocked, id=12780, stack(0x0000007b9cf00000,0x0000007b9d000000) (1024K)]
  0x00000226d069e050 JavaThread "Monitor Deflation Thread"   daemon [_thread_blocked, id=8352, stack(0x0000007b9d000000,0x0000007b9d100000) (1024K)]
  0x00000226d06a73a0 JavaThread "C2 CompilerThread0"         daemon [_thread_blocked, id=17088, stack(0x0000007b9d100000,0x0000007b9d200000) (1024K)]
  0x00000226d06ab4f0 JavaThread "C1 CompilerThread0"         daemon [_thread_blocked, id=1804, stack(0x0000007b9d200000,0x0000007b9d300000) (1024K)]
  0x00000226d096cce0 JavaThread "Common-Cleaner"             daemon [_thread_blocked, id=16444, stack(0x0000007b9d300000,0x0000007b9d400000) (1024K)]
  0x00000226d089d4e0 JavaThread "Notification Thread"        daemon [_thread_blocked, id=4952, stack(0x0000007b9d400000,0x0000007b9d500000) (1024K)]
  0x000002271785c300 JavaThread "Daemon health stats"               [_thread_blocked, id=13924, stack(0x0000007b9d600000,0x0000007b9d700000) (1024K)]
  0x0000022717955d40 JavaThread "Incoming local TCP Connector on port 55236"        [_thread_in_native, id=6792, stack(0x0000007b9de00000,0x0000007b9df00000) (1024K)]
  0x0000022717974680 JavaThread "Daemon periodic checks"            [_thread_blocked, id=11620, stack(0x0000007b9df00000,0x0000007b9e000000) (1024K)]
  0x0000022717afde30 JavaThread "Daemon"                            [_thread_blocked, id=3672, stack(0x0000007b9e000000,0x0000007b9e100000) (1024K)]
  0x0000022717abf9d0 JavaThread "Handler for socket connection from /127.0.0.1:55236 to /127.0.0.1:55237"        [_thread_in_native, id=6876, stack(0x0000007b9e100000,0x0000007b9e200000) (1024K)]
  0x0000022717943c80 JavaThread "Cancel handler"                    [_thread_blocked, id=16696, stack(0x0000007b9e200000,0x0000007b9e300000) (1024K)]
  0x0000022717a19be0 JavaThread "Daemon worker"                     [_thread_blocked, id=12716, stack(0x0000007b9e300000,0x0000007b9e400000) (1024K)]
  0x0000022717adf8c0 JavaThread "Asynchronous log dispatcher for DefaultDaemonConnection: socket connection from /127.0.0.1:55236 to /127.0.0.1:55237"        [_thread_blocked, id=10840, stack(0x0000007b9e400000,0x0000007b9e500000) (1024K)]
  0x0000022717adff50 JavaThread "Stdin handler"                     [_thread_blocked, id=14636, stack(0x0000007b9e500000,0x0000007b9e600000) (1024K)]
  0x0000022717ae05e0 JavaThread "Daemon client event forwarder"        [_thread_blocked, id=3368, stack(0x0000007b9e600000,0x0000007b9e700000) (1024K)]
  0x0000022717ae0c70 JavaThread "Cache worker for journal cache (C:\Users\Abdo\.gradle\caches\journal-1)"        [_thread_blocked, id=14052, stack(0x0000007b9e700000,0x0000007b9e800000) (1024K)]
  0x0000022717ade510 JavaThread "File lock request listener"        [_thread_in_native, id=13596, stack(0x0000007b9e800000,0x0000007b9e900000) (1024K)]
  0x0000022717adeba0 JavaThread "Cache worker for file hash cache (C:\Users\Abdo\.gradle\caches\8.9\fileHashes)"        [_thread_blocked, id=2296, stack(0x0000007b9e900000,0x0000007b9ea00000) (1024K)]
  0x0000022717adf230 JavaThread "Cache worker for file hash cache (C:\Users\Abdo\IdeaProjects\muslimVoice\.gradle\8.9\fileHashes)"        [_thread_blocked, id=16140, stack(0x0000007b9ec00000,0x0000007b9ed00000) (1024K)]
  0x000002271b821d60 JavaThread "Cache worker for checksums cache (C:\Users\Abdo\IdeaProjects\muslimVoice\.gradle\8.9\checksums)"        [_thread_blocked, id=6676, stack(0x0000007b9ed00000,0x0000007b9ee00000) (1024K)]
  0x000002271b8223f0 JavaThread "Cache worker for Build Output Cleanup Cache (C:\Users\Abdo\IdeaProjects\muslimVoice\.gradle\buildOutputCleanup)"        [_thread_blocked, id=888, stack(0x0000007b9ee00000,0x0000007b9ef00000) (1024K)]
  0x000002271b821040 JavaThread "Cache worker for file content cache (C:\Users\Abdo\.gradle\caches\8.9\fileContent)"        [_thread_blocked, id=17040, stack(0x0000007b9ef00000,0x0000007b9f000000) (1024K)]
  0x000002271b820320 JavaThread "File watcher server"        daemon [_thread_blocked, id=17384, stack(0x0000007b9ea00000,0x0000007b9eb00000) (1024K)]
  0x000002271b81e250 JavaThread "File watcher consumer"      daemon [_thread_blocked, id=4544, stack(0x0000007b9f000000,0x0000007b9f100000) (1024K)]
  0x000002271b822a80 JavaThread "Cache worker for cache directory md-rule (C:\Users\Abdo\.gradle\caches\8.9\md-rule)"        [_thread_blocked, id=12076, stack(0x0000007b9f100000,0x0000007b9f200000) (1024K)]
  0x000002271b81fc90 JavaThread "Cache worker for cache directory md-supplier (C:\Users\Abdo\.gradle\caches\8.9\md-supplier)"        [_thread_blocked, id=12072, stack(0x0000007b9f200000,0x0000007b9f300000) (1024K)]
  0x000002271b81d530 JavaThread "Unconstrained build operations"        [_thread_blocked, id=2988, stack(0x0000007b9f400000,0x0000007b9f500000) (1024K)]
  0x000002271b81dbc0 JavaThread "Unconstrained build operations Thread 2"        [_thread_blocked, id=7420, stack(0x0000007b9f500000,0x0000007b9f600000) (1024K)]
  0x000002271b81e8e0 JavaThread "Unconstrained build operations Thread 3"        [_thread_blocked, id=12068, stack(0x0000007b9f600000,0x0000007b9f700000) (1024K)]
  0x000002271ae3cd00 JavaThread "Configuration cache report writer"        [_thread_blocked, id=7400, stack(0x0000007b9f700000,0x0000007b9f800000) (1024K)]
  0x000002271ae37e40 JavaThread "Kotlin DSL Writer"                 [_thread_blocked, id=16372, stack(0x0000007b9f300000,0x0000007b9f400000) (1024K)]
  0x000002271a8c3b70 JavaThread "Unconstrained build operations Thread 4"        [_thread_blocked, id=17108, stack(0x0000007b9d500000,0x0000007b9d600000) (1024K)]
  0x000002271a8c4890 JavaThread "Unconstrained build operations Thread 5"        [_thread_blocked, id=16388, stack(0x0000007b9f800000,0x0000007b9f900000) (1024K)]
  0x000002271a18f5f0 JavaThread "Unconstrained build operations Thread 6"        [_thread_blocked, id=10864, stack(0x0000007b9f900000,0x0000007b9fa00000) (1024K)]
  0x000002271a193100 JavaThread "Unconstrained build operations Thread 7"        [_thread_blocked, id=1672, stack(0x0000007b9fa00000,0x0000007b9fb00000) (1024K)]
  0x000002271a190310 JavaThread "Unconstrained build operations Thread 8"        [_thread_blocked, id=3476, stack(0x0000007b9fb00000,0x0000007b9fc00000) (1024K)]
  0x000002271ae391f0 JavaThread "Unconstrained build operations Thread 9"        [_thread_blocked, id=16132, stack(0x0000007b9fc00000,0x0000007b9fd00000) (1024K)]
  0x00000227193c3c00 JavaThread "Unconstrained build operations Thread 10"        [_thread_blocked, id=32, stack(0x0000007b9fd00000,0x0000007b9fe00000) (1024K)]
  0x00000227193c4fb0 JavaThread "Unconstrained build operations Thread 11"        [_thread_blocked, id=9948, stack(0x0000007b9fe00000,0x0000007b9ff00000) (1024K)]
  0x00000227193ca500 JavaThread "Unconstrained build operations Thread 12"        [_thread_blocked, id=15620, stack(0x0000007b9ff00000,0x0000007ba0000000) (1024K)]
  0x00000227193c4920 JavaThread "Unconstrained build operations Thread 13"        [_thread_blocked, id=13744, stack(0x0000007ba0000000,0x0000007ba0100000) (1024K)]
  0x00000227193cb220 JavaThread "Unconstrained build operations Thread 14"        [_thread_blocked, id=13704, stack(0x0000007ba0100000,0x0000007ba0200000) (1024K)]
  0x00000227193c8430 JavaThread "Unconstrained build operations Thread 15"        [_thread_blocked, id=16304, stack(0x0000007ba0200000,0x0000007ba0300000) (1024K)]
  0x00000227193c5640 JavaThread "Unconstrained build operations Thread 16"        [_thread_blocked, id=9972, stack(0x0000007ba0300000,0x0000007ba0400000) (1024K)]
  0x00000227193c9150 JavaThread "Unconstrained build operations Thread 17"        [_thread_blocked, id=13140, stack(0x0000007ba0400000,0x0000007ba0500000) (1024K)]
  0x00000227193c7710 JavaThread "Unconstrained build operations Thread 18"        [_thread_blocked, id=15832, stack(0x0000007ba0600000,0x0000007ba0700000) (1024K)]
  0x00000227193cab90 JavaThread "Unconstrained build operations Thread 19"        [_thread_blocked, id=12844, stack(0x0000007ba0700000,0x0000007ba0800000) (1024K)]
  0x00000227193c97e0 JavaThread "Unconstrained build operations Thread 20"        [_thread_blocked, id=6056, stack(0x0000007ba0800000,0x0000007ba0900000) (1024K)]
  0x00000227193c8ac0 JavaThread "Unconstrained build operations Thread 21"        [_thread_blocked, id=15516, stack(0x0000007ba0900000,0x0000007ba0a00000) (1024K)]
  0x00000227193c5cd0 JavaThread "Unconstrained build operations Thread 22"        [_thread_blocked, id=15128, stack(0x0000007ba0a00000,0x0000007ba0b00000) (1024K)]
  0x00000227193c6360 JavaThread "Unconstrained build operations Thread 23"        [_thread_blocked, id=7780, stack(0x0000007ba0b00000,0x0000007ba0c00000) (1024K)]
  0x00000227193c7da0 JavaThread "Unconstrained build operations Thread 24"        [_thread_blocked, id=10804, stack(0x0000007ba0c00000,0x0000007ba0d00000) (1024K)]
  0x0000022716b86720 JavaThread "Memory manager"                    [_thread_blocked, id=16548, stack(0x0000007ba0d00000,0x0000007ba0e00000) (1024K)]
  0x0000022716b8c990 JavaThread "build event listener"              [_thread_blocked, id=10288, stack(0x0000007ba0e00000,0x0000007ba0f00000) (1024K)]
  0x000002272ae1bed0 JavaThread "pool-3-thread-1"                   [_thread_blocked, id=15736, stack(0x0000007b9c100000,0x0000007b9c200000) (1024K)]
  0x000002272ae1e630 JavaThread "build event listener"              [_thread_blocked, id=1968, stack(0x0000007b9c200000,0x0000007b9c300000) (1024K)]
  0x000002271a18e8d0 JavaThread "Unconstrained build operations Thread 25"        [_thread_blocked, id=16172, stack(0x0000007b9c000000,0x0000007b9c100000) (1024K)]
  0x000002271b823110 JavaThread "Unconstrained build operations Thread 26"        [_thread_blocked, id=13636, stack(0x0000007ba0500000,0x0000007ba0600000) (1024K)]
  0x000002271a8c2130 JavaThread "Unconstrained build operations Thread 27"        [_thread_blocked, id=9808, stack(0x0000007ba1100000,0x0000007ba1200000) (1024K)]
  0x00000227161d4410 JavaThread "Unconstrained build operations Thread 28"        [_thread_blocked, id=4044, stack(0x0000007ba1200000,0x0000007ba1300000) (1024K)]
  0x00000227161d0900 JavaThread "Unconstrained build operations Thread 29"        [_thread_blocked, id=16852, stack(0x0000007ba1300000,0x0000007ba1400000) (1024K)]
  0x00000227161d1cb0 JavaThread "Unconstrained build operations Thread 30"        [_thread_blocked, id=15660, stack(0x0000007ba1400000,0x0000007ba1500000) (1024K)]
  0x00000227161d2340 JavaThread "Unconstrained build operations Thread 31"        [_thread_blocked, id=4976, stack(0x0000007ba1500000,0x0000007ba1600000) (1024K)]
  0x00000227161d4aa0 JavaThread "Unconstrained build operations Thread 32"        [_thread_blocked, id=7472, stack(0x0000007ba1600000,0x0000007ba1700000) (1024K)]
  0x00000227161d0270 JavaThread "Unconstrained build operations Thread 33"        [_thread_blocked, id=15580, stack(0x0000007ba1700000,0x0000007ba1800000) (1024K)]
  0x00000227161d0f90 JavaThread "Unconstrained build operations Thread 34"        [_thread_blocked, id=14528, stack(0x0000007ba1a00000,0x0000007ba1b00000) (1024K)]
  0x00000227161d36f0 JavaThread "Unconstrained build operations Thread 35"        [_thread_blocked, id=8072, stack(0x0000007ba1e00000,0x0000007ba1f00000) (1024K)]
  0x00000227161d5130 JavaThread "Unconstrained build operations Thread 36"        [_thread_blocked, id=12372, stack(0x0000007ba1f00000,0x0000007ba2000000) (1024K)]
  0x00000227161ceec0 JavaThread "Unconstrained build operations Thread 37"        [_thread_blocked, id=9600, stack(0x0000007ba2000000,0x0000007ba2100000) (1024K)]
  0x00000227161ce830 JavaThread "Unconstrained build operations Thread 38"        [_thread_blocked, id=15096, stack(0x0000007ba2100000,0x0000007ba2200000) (1024K)]
  0x00000227161cf550 JavaThread "Unconstrained build operations Thread 39"        [_thread_blocked, id=13124, stack(0x0000007ba2200000,0x0000007ba2300000) (1024K)]
  0x00000227161d3d80 JavaThread "Unconstrained build operations Thread 40"        [_thread_blocked, id=14476, stack(0x0000007ba2300000,0x0000007ba2400000) (1024K)]
  0x000002271b7240a0 JavaThread "Unconstrained build operations Thread 41"        [_thread_blocked, id=6636, stack(0x0000007ba2400000,0x0000007ba2500000) (1024K)]
  0x000002271b71d110 JavaThread "Unconstrained build operations Thread 42"        [_thread_blocked, id=15996, stack(0x0000007ba2500000,0x0000007ba2600000) (1024K)]
  0x000002271b71eb50 JavaThread "Unconstrained build operations Thread 43"        [_thread_blocked, id=3840, stack(0x0000007ba2600000,0x0000007ba2700000) (1024K)]
  0x000002271b723380 JavaThread "Unconstrained build operations Thread 44"        [_thread_blocked, id=2376, stack(0x0000007ba2700000,0x0000007ba2800000) (1024K)]
  0x000002271b724730 JavaThread "Unconstrained build operations Thread 45"        [_thread_blocked, id=9288, stack(0x0000007ba2800000,0x0000007ba2900000) (1024K)]
  0x000002271b723a10 JavaThread "Unconstrained build operations Thread 46"        [_thread_blocked, id=13308, stack(0x0000007ba2900000,0x0000007ba2a00000) (1024K)]
  0x000002271b71d7a0 JavaThread "Unconstrained build operations Thread 47"        [_thread_blocked, id=9980, stack(0x0000007ba2a00000,0x0000007ba2b00000) (1024K)]
  0x000002271b724dc0 JavaThread "Unconstrained build operations Thread 48"        [_thread_blocked, id=15432, stack(0x0000007ba2b00000,0x0000007ba2c00000) (1024K)]
  0x000002271b722660 JavaThread "Unconstrained build operations Thread 49"        [_thread_blocked, id=8640, stack(0x0000007ba2c00000,0x0000007ba2d00000) (1024K)]
  0x000002271b722cf0 JavaThread "Unconstrained build operations Thread 50"        [_thread_blocked, id=15852, stack(0x0000007ba2d00000,0x0000007ba2e00000) (1024K)]
  0x000002271b71e4c0 JavaThread "Unconstrained build operations Thread 51"        [_thread_blocked, id=9964, stack(0x0000007ba2e00000,0x0000007ba2f00000) (1024K)]
  0x000002271b71de30 JavaThread "Unconstrained build operations Thread 52"        [_thread_blocked, id=15804, stack(0x0000007ba2f00000,0x0000007ba3000000) (1024K)]
  0x000002271b725450 JavaThread "Unconstrained build operations Thread 53"        [_thread_blocked, id=10272, stack(0x0000007ba3000000,0x0000007ba3100000) (1024K)]
  0x000002271b725ae0 JavaThread "Unconstrained build operations Thread 54"        [_thread_blocked, id=15180, stack(0x0000007ba3100000,0x0000007ba3200000) (1024K)]
  0x000002271b726170 JavaThread "Unconstrained build operations Thread 55"        [_thread_blocked, id=11172, stack(0x0000007ba3200000,0x0000007ba3300000) (1024K)]
  0x000002271b71f1e0 JavaThread "Unconstrained build operations Thread 56"        [_thread_blocked, id=14536, stack(0x0000007ba3300000,0x0000007ba3400000) (1024K)]
  0x000002271b726800 JavaThread "Unconstrained build operations Thread 57"        [_thread_blocked, id=11624, stack(0x0000007ba3400000,0x0000007ba3500000) (1024K)]
  0x000002271b71f870 JavaThread "Unconstrained build operations Thread 58"        [_thread_blocked, id=668, stack(0x0000007ba3500000,0x0000007ba3600000) (1024K)]
  0x000002271b726e90 JavaThread "Unconstrained build operations Thread 59"        [_thread_blocked, id=5420, stack(0x0000007ba3600000,0x0000007ba3700000) (1024K)]
  0x000002271b71ff00 JavaThread "Unconstrained build operations Thread 60"        [_thread_blocked, id=1952, stack(0x0000007ba3700000,0x0000007ba3800000) (1024K)]
  0x000002271b727520 JavaThread "Unconstrained build operations Thread 61"        [_thread_blocked, id=8628, stack(0x0000007ba3800000,0x0000007ba3900000) (1024K)]
  0x000002271b720590 JavaThread "Unconstrained build operations Thread 62"        [_thread_blocked, id=15420, stack(0x0000007ba3900000,0x0000007ba3a00000) (1024K)]
  0x000002271b727bb0 JavaThread "Unconstrained build operations Thread 63"        [_thread_blocked, id=14740, stack(0x0000007ba3a00000,0x0000007ba3b00000) (1024K)]
  0x000002271b720c20 JavaThread "Unconstrained build operations Thread 64"        [_thread_blocked, id=13628, stack(0x0000007ba3b00000,0x0000007ba3c00000) (1024K)]
  0x000002271b728240 JavaThread "Unconstrained build operations Thread 65"        [_thread_blocked, id=13536, stack(0x0000007ba3c00000,0x0000007ba3d00000) (1024K)]
  0x000002271b7212b0 JavaThread "Unconstrained build operations Thread 66"        [_thread_blocked, id=14412, stack(0x0000007ba3d00000,0x0000007ba3e00000) (1024K)]
  0x000002271b721940 JavaThread "Unconstrained build operations Thread 67"        [_thread_blocked, id=16652, stack(0x0000007ba3e00000,0x0000007ba3f00000) (1024K)]
  0x000002271b7288d0 JavaThread "Unconstrained build operations Thread 68"        [_thread_blocked, id=9192, stack(0x0000007ba3f00000,0x0000007ba4000000) (1024K)]
  0x000002271b728f60 JavaThread "Unconstrained build operations Thread 69"        [_thread_blocked, id=4332, stack(0x0000007ba4000000,0x0000007ba4100000) (1024K)]
  0x000002271b721fd0 JavaThread "Unconstrained build operations Thread 70"        [_thread_blocked, id=6764, stack(0x0000007ba4100000,0x0000007ba4200000) (1024K)]
  0x000002271b72b030 JavaThread "Unconstrained build operations Thread 71"        [_thread_blocked, id=7220, stack(0x0000007ba1900000,0x0000007ba1a00000) (1024K)]
  0x000002271b72b6c0 JavaThread "Unconstrained build operations Thread 72"        [_thread_blocked, id=10668, stack(0x0000007ba4200000,0x0000007ba4300000) (1024K)]
  0x000002271b7295f0 JavaThread "Unconstrained build operations Thread 73"        [_thread_blocked, id=6744, stack(0x0000007ba4300000,0x0000007ba4400000) (1024K)]
  0x000002271b72bd50 JavaThread "Unconstrained build operations Thread 74"        [_thread_blocked, id=5452, stack(0x0000007ba4400000,0x0000007ba4500000) (1024K)]
  0x000002271b729c80 JavaThread "Unconstrained build operations Thread 75"        [_thread_blocked, id=16080, stack(0x0000007ba4500000,0x0000007ba4600000) (1024K)]
  0x000002271b72a310 JavaThread "Unconstrained build operations Thread 76"        [_thread_blocked, id=16308, stack(0x0000007ba4600000,0x0000007ba4700000) (1024K)]
  0x000002271b72c3e0 JavaThread "Unconstrained build operations Thread 77"        [_thread_blocked, id=12364, stack(0x0000007ba4700000,0x0000007ba4800000) (1024K)]
  0x000002271b72a9a0 JavaThread "Unconstrained build operations Thread 78"        [_thread_blocked, id=14100, stack(0x0000007ba4800000,0x0000007ba4900000) (1024K)]
  0x000002271b0c91f0 JavaThread "Unconstrained build operations Thread 79"        [_thread_blocked, id=12900, stack(0x0000007ba4900000,0x0000007ba4a00000) (1024K)]
  0x000002271b0cb2c0 JavaThread "Unconstrained build operations Thread 80"        [_thread_blocked, id=16900, stack(0x0000007ba4a00000,0x0000007ba4b00000) (1024K)]
  0x000002271b0c9f10 JavaThread "included builds"                   [_thread_blocked, id=17324, stack(0x0000007ba4c00000,0x0000007ba4d00000) (1024K)]
  0x000002271b0ce0b0 JavaThread "Execution worker"                  [_thread_blocked, id=16832, stack(0x0000007ba4d00000,0x0000007ba4e00000) (1024K)]
  0x000002271b0cbfe0 JavaThread "Execution worker Thread 2"         [_thread_blocked, id=12656, stack(0x0000007ba4e00000,0x0000007ba4f00000) (1024K)]
  0x000002271b0c9880 JavaThread "Execution worker Thread 3"         [_thread_blocked, id=13944, stack(0x0000007ba4f00000,0x0000007ba5000000) (1024K)]
  0x000002271b0ca5a0 JavaThread "Execution worker Thread 4"         [_thread_blocked, id=17304, stack(0x0000007ba5000000,0x0000007ba5100000) (1024K)]
  0x000002271b0cac30 JavaThread "Execution worker Thread 5"         [_thread_blocked, id=14392, stack(0x0000007ba5100000,0x0000007ba5200000) (1024K)]
  0x000002271b0cb950 JavaThread "Execution worker Thread 6"         [_thread_blocked, id=11544, stack(0x0000007ba5200000,0x0000007ba5300000) (1024K)]
  0x000002271b0cc670 JavaThread "Execution worker Thread 7"         [_thread_blocked, id=16244, stack(0x0000007ba5300000,0x0000007ba5400000) (1024K)]
  0x000002271b0ce740 JavaThread "Cache worker for execution history cache (C:\Users\Abdo\IdeaProjects\muslimVoice\.gradle\8.9\executionHistory)"        [_thread_blocked, id=5840, stack(0x0000007ba5400000,0x0000007ba5500000) (1024K)]
  0x000002272bcae1d0 JavaThread "WorkerExecutor Queue"              [_thread_blocked, id=12140, stack(0x0000007ba5500000,0x0000007ba5600000) (1024K)]
  0x000002272bcae860 JavaThread "WorkerExecutor Queue Thread 2"        [_thread_blocked, id=9924, stack(0x0000007ba5600000,0x0000007ba5700000) (1024K)]
  0x000002272bcaeef0 JavaThread "WorkerExecutor Queue Thread 3"        [_thread_blocked, id=14852, stack(0x0000007ba5700000,0x0000007ba5800000) (1024K)]
  0x000002272c5db270 JavaThread "WorkerExecutor Queue Thread 5"        [_thread_blocked, id=6952, stack(0x0000007ba5900000,0x0000007ba5a00000) (1024K)]
  0x000002272bca6180 JavaThread "C2 CompilerThread1"         daemon [_thread_blocked, id=7788, stack(0x0000007ba5a00000,0x0000007ba5b00000) (1024K)]
  0x00000227325f6ac0 JavaThread "WorkerExecutor Queue Thread 7"        [_thread_blocked, id=13548, stack(0x0000007ba5c00000,0x0000007ba5d00000) (1024K)]
  0x00000227325fb980 JavaThread "WorkerExecutor Queue Thread 8"        [_thread_blocked, id=15920, stack(0x0000007ba5d00000,0x0000007ba5e00000) (1024K)]
  0x00000227325fcd30 JavaThread "WorkerExecutor Queue Thread 9"        [_thread_blocked, id=13896, stack(0x0000007ba5e00000,0x0000007ba5f00000) (1024K)]
  0x00000227325f9f40 JavaThread "WorkerExecutor Queue Thread 10"        [_thread_blocked, id=7208, stack(0x0000007ba5b00000,0x0000007ba5c00000) (1024K)]
  0x00000227325fee00 JavaThread "pool-4-thread-1"                   [_thread_blocked, id=4972, stack(0x0000007ba5800000,0x0000007ba5900000) (1024K)]
  0x00000227325f8b90 JavaThread "stderr"                            [_thread_in_native, id=10016, stack(0x0000007ba5f00000,0x0000007ba6000000) (1024K)]
  0x00000227325f7e70 JavaThread "stdout"                            [_thread_in_native, id=16860, stack(0x0000007ba6000000,0x0000007ba6100000) (1024K)]
Total: 139

Other Threads:
=>0x00000226d06765e0 VMThread "VM Thread"                           [id=1336, stack(0x0000007b9ca00000,0x0000007b9cb00000) (1024K)]
  0x00000226d0664180 WatcherThread "VM Periodic Task Thread"        [id=6600, stack(0x0000007b9c900000,0x0000007b9ca00000) (1024K)]
  0x00000226b1252df0 WorkerThread "GC Thread#0"                     [id=7416, stack(0x0000007b9c400000,0x0000007b9c500000) (1024K)]
  0x00000226d0676230 WorkerThread "GC Thread#1"                     [id=5064, stack(0x0000007b9d700000,0x0000007b9d800000) (1024K)]
  0x00000226d0675720 WorkerThread "GC Thread#2"                     [id=248, stack(0x0000007b9d800000,0x0000007b9d900000) (1024K)]
  0x00000226d0675ad0 WorkerThread "GC Thread#3"                     [id=1352, stack(0x0000007b9d900000,0x0000007b9da00000) (1024K)]
  0x00000226d0676990 WorkerThread "GC Thread#4"                     [id=17372, stack(0x0000007b9da00000,0x0000007b9db00000) (1024K)]
  0x00000226d0676d40 WorkerThread "GC Thread#5"                     [id=4744, stack(0x0000007b9db00000,0x0000007b9dc00000) (1024K)]
  0x0000022717041020 WorkerThread "GC Thread#6"                     [id=11656, stack(0x0000007b9dc00000,0x0000007b9dd00000) (1024K)]
  0x0000022717041780 WorkerThread "GC Thread#7"                     [id=4184, stack(0x0000007b9dd00000,0x0000007b9de00000) (1024K)]
  0x00000226b1263ea0 ConcurrentGCThread "G1 Main Marker"            [id=16672, stack(0x0000007b9c500000,0x0000007b9c600000) (1024K)]
  0x00000226b1265060 WorkerThread "G1 Conc#0"                       [id=14300, stack(0x0000007b9c600000,0x0000007b9c700000) (1024K)]
  0x000002271b848890 WorkerThread "G1 Conc#1"                       [id=14448, stack(0x0000007b9eb00000,0x0000007b9ec00000) (1024K)]
  0x00000226b12be430 ConcurrentGCThread "G1 Refine#0"               [id=3616, stack(0x0000007b9c700000,0x0000007b9c800000) (1024K)]
  0x00000226d0527190 ConcurrentGCThread "G1 Service"                [id=17344, stack(0x0000007b9c800000,0x0000007b9c900000) (1024K)]
Total: 15

Threads with active compile tasks:
C2 CompilerThread0  201565 49253       4       com.android.tools.r8.dex.J::b (42 bytes)
C2 CompilerThread1  201565 49241       4       com.android.tools.r8.ir.regalloc.b::a (166 bytes)
Total: 2

VM state: at safepoint (normal execution)

VM Mutex/Monitor currently owned by a thread:  ([mutex/lock_event])
[0x00007fffd9b865c0] Threads_lock - owner thread: 0x00000226d06765e0
[0x00007fffd9b866c0] Heap_lock - owner thread: 0x000002271b726e90

Heap address: 0x0000000700000000, size: 4096 MB, Compressed Oops mode: Zero based, Oop shift amount: 3

CDS archive(s) mapped at: [0x00000226d1000000-0x00000226d1c80000-0x00000226d1c80000), size 13107200, SharedBaseAddress: 0x00000226d1000000, ArchiveRelocationMode: 1.
Compressed class space mapped at: 0x00000226d2000000-0x0000022712000000, reserved size: 1073741824
Narrow klass base: 0x00000226d1000000, Narrow klass shift: 0, Narrow klass range: 0x100000000

GC Precious Log:
 CardTable entry size: 512
 Card Set container configuration: InlinePtr #cards 4 size 8 Array Of Cards #cards 16 size 48 Howl #buckets 8 coarsen threshold 3686 Howl Bitmap #cards 512 size 80 coarsen threshold 460 Card regions per heap region 1 cards per card region 4096
 CPUs: 8 total, 8 available
 Memory: 16289M
 Large Page Support: Disabled
 NUMA Support: Disabled
 Compressed Oops: Enabled (Zero based)
 Heap Region Size: 2M
 Heap Min Capacity: 8M
 Heap Initial Capacity: 256M
 Heap Max Capacity: 4G
 Pre-touch: Disabled
 Parallel Workers: 8
 Concurrent Workers: 2
 Concurrent Refinement Workers: 8
 Periodic GC: Disabled

Heap:
 garbage-first heap   total 1679360K, used 714752K [0x0000000700000000, 0x0000000800000000)
  region size 2048K, 33 young (67584K), 33 survivors (67584K)
 Metaspace       used 246725K, committed 250240K, reserved 1310720K
  class space    used 31443K, committed 33280K, reserved 1048576K

Heap Regions: E=young(eden), S=young(survivor), O=old, HS=humongous(starts), HC=humongous(continues), CS=collection set, F=free, TAMS=top-at-mark-start, PB=parsable bottom
|   0|0x0000000700000000, 0x0000000700200000, 0x0000000700200000|100%| O|  |TAMS 0x0000000700000000| PB 0x0000000700000000| Untracked 
|   1|0x0000000700200000, 0x0000000700400000, 0x0000000700400000|100%|HS|  |TAMS 0x0000000700200000| PB 0x0000000700200000| Complete 
|   2|0x0000000700400000, 0x0000000700600000, 0x0000000700600000|100%|HC|  |TAMS 0x0000000700400000| PB 0x0000000700400000| Complete 
|   3|0x0000000700600000, 0x0000000700800000, 0x0000000700800000|100%| O|  |TAMS 0x0000000700600000| PB 0x0000000700600000| Untracked 
|   4|0x0000000700800000, 0x0000000700a00000, 0x0000000700a00000|100%| O|  |TAMS 0x0000000700800000| PB 0x0000000700800000| Untracked 
|   5|0x0000000700a00000, 0x0000000700c00000, 0x0000000700c00000|100%| O|  |TAMS 0x0000000700a00000| PB 0x0000000700a00000| Untracked 
|   6|0x0000000700c00000, 0x0000000700e00000, 0x0000000700e00000|100%| O|  |TAMS 0x0000000700c00000| PB 0x0000000700c00000| Untracked 
|   7|0x0000000700e00000, 0x0000000701000000, 0x0000000701000000|100%| O|  |TAMS 0x0000000700e00000| PB 0x0000000700e00000| Untracked 
|   8|0x0000000701000000, 0x0000000701200000, 0x0000000701200000|100%| O|  |TAMS 0x0000000701000000| PB 0x0000000701000000| Untracked 
|   9|0x0000000701200000, 0x0000000701400000, 0x0000000701400000|100%| O|  |TAMS 0x0000000701200000| PB 0x0000000701200000| Untracked 
|  10|0x0000000701400000, 0x0000000701600000, 0x0000000701600000|100%| O|  |TAMS 0x0000000701400000| PB 0x0000000701400000| Untracked 
|  11|0x0000000701600000, 0x0000000701800000, 0x0000000701800000|100%| O|  |TAMS 0x0000000701600000| PB 0x0000000701600000| Untracked 
|  12|0x0000000701800000, 0x0000000701a00000, 0x0000000701a00000|100%| O|  |TAMS 0x0000000701800000| PB 0x0000000701800000| Untracked 
|  13|0x0000000701a00000, 0x0000000701c00000, 0x0000000701c00000|100%| O|  |TAMS 0x0000000701a00000| PB 0x0000000701a00000| Untracked 
|  14|0x0000000701c00000, 0x0000000701e00000, 0x0000000701e00000|100%| O|  |TAMS 0x0000000701c00000| PB 0x0000000701c00000| Untracked 
|  15|0x0000000701e00000, 0x0000000702000000, 0x0000000702000000|100%| O|  |TAMS 0x0000000701e00000| PB 0x0000000701e00000| Untracked 
|  16|0x0000000702000000, 0x0000000702200000, 0x0000000702200000|100%| O|  |TAMS 0x0000000702000000| PB 0x0000000702000000| Untracked 
|  17|0x0000000702200000, 0x0000000702400000, 0x0000000702400000|100%| O|  |TAMS 0x0000000702200000| PB 0x0000000702200000| Untracked 
|  18|0x0000000702400000, 0x0000000702600000, 0x0000000702600000|100%| O|  |TAMS 0x0000000702400000| PB 0x0000000702400000| Untracked 
|  19|0x0000000702600000, 0x0000000702800000, 0x0000000702800000|100%| O|  |TAMS 0x0000000702600000| PB 0x0000000702600000| Untracked 
|  20|0x0000000702800000, 0x0000000702a00000, 0x0000000702a00000|100%| O|  |TAMS 0x0000000702800000| PB 0x0000000702800000| Untracked 
|  21|0x0000000702a00000, 0x0000000702c00000, 0x0000000702c00000|100%| O|  |TAMS 0x0000000702a00000| PB 0x0000000702a00000| Untracked 
|  22|0x0000000702c00000, 0x0000000702e00000, 0x0000000702e00000|100%| O|  |TAMS 0x0000000702c00000| PB 0x0000000702c00000| Untracked 
|  23|0x0000000702e00000, 0x0000000703000000, 0x0000000703000000|100%| O|  |TAMS 0x0000000702e00000| PB 0x0000000702e00000| Untracked 
|  24|0x0000000703000000, 0x0000000703200000, 0x0000000703200000|100%| O|  |TAMS 0x0000000703000000| PB 0x0000000703000000| Untracked 
|  25|0x0000000703200000, 0x0000000703200000, 0x0000000703400000|  0%| F|  |TAMS 0x0000000703200000| PB 0x0000000703200000| Untracked 
|  26|0x0000000703400000, 0x0000000703600000, 0x0000000703600000|100%| O|  |TAMS 0x0000000703400000| PB 0x0000000703400000| Untracked 
|  27|0x0000000703600000, 0x0000000703800000, 0x0000000703800000|100%| O|  |TAMS 0x0000000703600000| PB 0x0000000703600000| Untracked 
|  28|0x0000000703800000, 0x0000000703a00000, 0x0000000703a00000|100%| O|  |TAMS 0x0000000703800000| PB 0x0000000703800000| Untracked 
|  29|0x0000000703a00000, 0x0000000703c00000, 0x0000000703c00000|100%| O|  |TAMS 0x0000000703a00000| PB 0x0000000703a00000| Untracked 
|  30|0x0000000703c00000, 0x0000000703e00000, 0x0000000703e00000|100%| O|  |TAMS 0x0000000703c00000| PB 0x0000000703c00000| Untracked 
|  31|0x0000000703e00000, 0x0000000704000000, 0x0000000704000000|100%|HS|  |TAMS 0x0000000703e00000| PB 0x0000000703e00000| Complete 
|  32|0x0000000704000000, 0x0000000704200000, 0x0000000704200000|100%|HC|  |TAMS 0x0000000704000000| PB 0x0000000704000000| Complete 
|  33|0x0000000704200000, 0x0000000704400000, 0x0000000704400000|100%| O|  |TAMS 0x0000000704200000| PB 0x0000000704200000| Untracked 
|  34|0x0000000704400000, 0x0000000704600000, 0x0000000704600000|100%| O|  |TAMS 0x0000000704400000| PB 0x0000000704400000| Untracked 
|  35|0x0000000704600000, 0x0000000704800000, 0x0000000704800000|100%| O|  |TAMS 0x0000000704600000| PB 0x0000000704600000| Untracked 
|  36|0x0000000704800000, 0x0000000704a00000, 0x0000000704a00000|100%| O|  |TAMS 0x0000000704800000| PB 0x0000000704800000| Untracked 
|  37|0x0000000704a00000, 0x0000000704c00000, 0x0000000704c00000|100%| O|  |TAMS 0x0000000704a00000| PB 0x0000000704a00000| Untracked 
|  38|0x0000000704c00000, 0x0000000704e00000, 0x0000000704e00000|100%| O|  |TAMS 0x0000000704c00000| PB 0x0000000704c00000| Untracked 
|  39|0x0000000704e00000, 0x0000000705000000, 0x0000000705000000|100%| O|  |TAMS 0x0000000704e00000| PB 0x0000000704e00000| Untracked 
|  40|0x0000000705000000, 0x0000000705200000, 0x0000000705200000|100%| O|  |TAMS 0x0000000705000000| PB 0x0000000705000000| Untracked 
|  41|0x0000000705200000, 0x0000000705400000, 0x0000000705400000|100%| O|  |TAMS 0x0000000705200000| PB 0x0000000705200000| Untracked 
|  42|0x0000000705400000, 0x0000000705600000, 0x0000000705600000|100%| O|  |TAMS 0x0000000705400000| PB 0x0000000705400000| Untracked 
|  43|0x0000000705600000, 0x0000000705800000, 0x0000000705800000|100%| O|  |TAMS 0x0000000705600000| PB 0x0000000705600000| Untracked 
|  44|0x0000000705800000, 0x0000000705a00000, 0x0000000705a00000|100%| O|  |TAMS 0x0000000705800000| PB 0x0000000705800000| Untracked 
|  45|0x0000000705a00000, 0x0000000705c00000, 0x0000000705c00000|100%| O|  |TAMS 0x0000000705a00000| PB 0x0000000705a00000| Untracked 
|  46|0x0000000705c00000, 0x0000000705e00000, 0x0000000705e00000|100%| O|  |TAMS 0x0000000705c00000| PB 0x0000000705c00000| Untracked 
|  47|0x0000000705e00000, 0x0000000706000000, 0x0000000706000000|100%| O|  |TAMS 0x0000000705e00000| PB 0x0000000705e00000| Untracked 
|  48|0x0000000706000000, 0x0000000706000000, 0x0000000706200000|  0%| F|  |TAMS 0x0000000706000000| PB 0x0000000706000000| Untracked 
|  49|0x0000000706200000, 0x0000000706400000, 0x0000000706400000|100%| O|  |TAMS 0x0000000706200000| PB 0x0000000706200000| Untracked 
|  50|0x0000000706400000, 0x0000000706600000, 0x0000000706600000|100%| O|  |TAMS 0x0000000706400000| PB 0x0000000706400000| Untracked 
|  51|0x0000000706600000, 0x0000000706800000, 0x0000000706800000|100%|HS|  |TAMS 0x0000000706600000| PB 0x0000000706600000| Complete 
|  52|0x0000000706800000, 0x0000000706a00000, 0x0000000706a00000|100%|HS|  |TAMS 0x0000000706800000| PB 0x0000000706800000| Complete 
|  53|0x0000000706a00000, 0x0000000706c00000, 0x0000000706c00000|100%| O|  |TAMS 0x0000000706a00000| PB 0x0000000706a00000| Untracked 
|  54|0x0000000706c00000, 0x0000000706e00000, 0x0000000706e00000|100%| O|  |TAMS 0x0000000706c00000| PB 0x0000000706c00000| Untracked 
|  55|0x0000000706e00000, 0x0000000707000000, 0x0000000707000000|100%| O|  |TAMS 0x0000000706e00000| PB 0x0000000706e00000| Untracked 
|  56|0x0000000707000000, 0x0000000707200000, 0x0000000707200000|100%| O|  |TAMS 0x0000000707000000| PB 0x0000000707000000| Untracked 
|  57|0x0000000707200000, 0x0000000707400000, 0x0000000707400000|100%| O|  |TAMS 0x0000000707200000| PB 0x0000000707200000| Untracked 
|  58|0x0000000707400000, 0x0000000707600000, 0x0000000707600000|100%| O|  |TAMS 0x0000000707400000| PB 0x0000000707400000| Untracked 
|  59|0x0000000707600000, 0x0000000707800000, 0x0000000707800000|100%| O|  |TAMS 0x0000000707600000| PB 0x0000000707600000| Untracked 
|  60|0x0000000707800000, 0x0000000707a00000, 0x0000000707a00000|100%| O|  |TAMS 0x0000000707800000| PB 0x0000000707800000| Untracked 
|  61|0x0000000707a00000, 0x0000000707c00000, 0x0000000707c00000|100%| O|  |TAMS 0x0000000707a00000| PB 0x0000000707a00000| Untracked 
|  62|0x0000000707c00000, 0x0000000707e00000, 0x0000000707e00000|100%| O|  |TAMS 0x0000000707c00000| PB 0x0000000707c00000| Untracked 
|  63|0x0000000707e00000, 0x0000000708000000, 0x0000000708000000|100%| O|  |TAMS 0x0000000707e00000| PB 0x0000000707e00000| Untracked 
|  64|0x0000000708000000, 0x0000000708200000, 0x0000000708200000|100%| O|  |TAMS 0x0000000708000000| PB 0x0000000708000000| Untracked 
|  65|0x0000000708200000, 0x0000000708400000, 0x0000000708400000|100%| O|  |TAMS 0x0000000708200000| PB 0x0000000708200000| Untracked 
|  66|0x0000000708400000, 0x0000000708600000, 0x0000000708600000|100%| O|  |TAMS 0x0000000708400000| PB 0x0000000708400000| Untracked 
|  67|0x0000000708600000, 0x0000000708800000, 0x0000000708800000|100%| O|  |TAMS 0x0000000708600000| PB 0x0000000708600000| Untracked 
|  68|0x0000000708800000, 0x0000000708a00000, 0x0000000708a00000|100%| O|  |TAMS 0x0000000708800000| PB 0x0000000708800000| Untracked 
|  69|0x0000000708a00000, 0x0000000708c00000, 0x0000000708c00000|100%| O|  |TAMS 0x0000000708a00000| PB 0x0000000708a00000| Untracked 
|  70|0x0000000708c00000, 0x0000000708e00000, 0x0000000708e00000|100%| O|  |TAMS 0x0000000708c00000| PB 0x0000000708c00000| Untracked 
|  71|0x0000000708e00000, 0x0000000708e00000, 0x0000000709000000|  0%| F|  |TAMS 0x0000000708e00000| PB 0x0000000708e00000| Untracked 
|  72|0x0000000709000000, 0x0000000709200000, 0x0000000709200000|100%| O|  |TAMS 0x0000000709000000| PB 0x0000000709000000| Untracked 
|  73|0x0000000709200000, 0x0000000709400000, 0x0000000709400000|100%| O|  |TAMS 0x0000000709200000| PB 0x0000000709200000| Untracked 
|  74|0x0000000709400000, 0x0000000709600000, 0x0000000709600000|100%| O|  |TAMS 0x0000000709400000| PB 0x0000000709400000| Untracked 
|  75|0x0000000709600000, 0x0000000709800000, 0x0000000709800000|100%| O|  |TAMS 0x0000000709600000| PB 0x0000000709600000| Untracked 
|  76|0x0000000709800000, 0x0000000709a00000, 0x0000000709a00000|100%| O|  |TAMS 0x0000000709800000| PB 0x0000000709800000| Untracked 
|  77|0x0000000709a00000, 0x0000000709c00000, 0x0000000709c00000|100%| O|  |TAMS 0x0000000709a00000| PB 0x0000000709a00000| Untracked 
|  78|0x0000000709c00000, 0x0000000709e00000, 0x0000000709e00000|100%| O|  |TAMS 0x0000000709c00000| PB 0x0000000709c00000| Untracked 
|  79|0x0000000709e00000, 0x000000070a000000, 0x000000070a000000|100%| O|  |TAMS 0x0000000709e00000| PB 0x0000000709e00000| Untracked 
|  80|0x000000070a000000, 0x000000070a200000, 0x000000070a200000|100%| O|  |TAMS 0x000000070a000000| PB 0x000000070a000000| Untracked 
|  81|0x000000070a200000, 0x000000070a400000, 0x000000070a400000|100%| O|  |TAMS 0x000000070a200000| PB 0x000000070a200000| Untracked 
|  82|0x000000070a400000, 0x000000070a600000, 0x000000070a600000|100%| O|  |TAMS 0x000000070a400000| PB 0x000000070a400000| Untracked 
|  83|0x000000070a600000, 0x000000070a800000, 0x000000070a800000|100%| O|  |TAMS 0x000000070a600000| PB 0x000000070a600000| Untracked 
|  84|0x000000070a800000, 0x000000070aa00000, 0x000000070aa00000|100%| O|  |TAMS 0x000000070a800000| PB 0x000000070a800000| Untracked 
|  85|0x000000070aa00000, 0x000000070ac00000, 0x000000070ac00000|100%| O|  |TAMS 0x000000070aa00000| PB 0x000000070aa00000| Untracked 
|  86|0x000000070ac00000, 0x000000070ae00000, 0x000000070ae00000|100%| O|  |TAMS 0x000000070ac00000| PB 0x000000070ac00000| Untracked 
|  87|0x000000070ae00000, 0x000000070b000000, 0x000000070b000000|100%| O|  |TAMS 0x000000070ae00000| PB 0x000000070ae00000| Untracked 
|  88|0x000000070b000000, 0x000000070b200000, 0x000000070b200000|100%| O|  |TAMS 0x000000070b000000| PB 0x000000070b000000| Untracked 
|  89|0x000000070b200000, 0x000000070b400000, 0x000000070b400000|100%| O|  |TAMS 0x000000070b200000| PB 0x000000070b200000| Untracked 
|  90|0x000000070b400000, 0x000000070b600000, 0x000000070b600000|100%| O|  |TAMS 0x000000070b400000| PB 0x000000070b400000| Untracked 
|  91|0x000000070b600000, 0x000000070b800000, 0x000000070b800000|100%| O|  |TAMS 0x000000070b600000| PB 0x000000070b600000| Untracked 
|  92|0x000000070b800000, 0x000000070ba00000, 0x000000070ba00000|100%| O|  |TAMS 0x000000070b800000| PB 0x000000070b800000| Untracked 
|  93|0x000000070ba00000, 0x000000070bc00000, 0x000000070bc00000|100%| O|  |TAMS 0x000000070ba00000| PB 0x000000070ba00000| Untracked 
|  94|0x000000070bc00000, 0x000000070be00000, 0x000000070be00000|100%| O|  |TAMS 0x000000070bc00000| PB 0x000000070bc00000| Untracked 
|  95|0x000000070be00000, 0x000000070c000000, 0x000000070c000000|100%| O|  |TAMS 0x000000070be00000| PB 0x000000070be00000| Untracked 
|  96|0x000000070c000000, 0x000000070c200000, 0x000000070c200000|100%| O|  |TAMS 0x000000070c000000| PB 0x000000070c000000| Untracked 
|  97|0x000000070c200000, 0x000000070c400000, 0x000000070c400000|100%| O|  |TAMS 0x000000070c200000| PB 0x000000070c200000| Untracked 
|  98|0x000000070c400000, 0x000000070c600000, 0x000000070c600000|100%| O|  |TAMS 0x000000070c400000| PB 0x000000070c400000| Untracked 
|  99|0x000000070c600000, 0x000000070c800000, 0x000000070c800000|100%| O|  |TAMS 0x000000070c600000| PB 0x000000070c600000| Untracked 
| 100|0x000000070c800000, 0x000000070ca00000, 0x000000070ca00000|100%| O|  |TAMS 0x000000070c800000| PB 0x000000070c800000| Untracked 
| 101|0x000000070ca00000, 0x000000070cc00000, 0x000000070cc00000|100%| O|  |TAMS 0x000000070ca00000| PB 0x000000070ca00000| Untracked 
| 102|0x000000070cc00000, 0x000000070ce00000, 0x000000070ce00000|100%| O|  |TAMS 0x000000070cc00000| PB 0x000000070cc00000| Untracked 
| 103|0x000000070ce00000, 0x000000070d000000, 0x000000070d000000|100%| O|  |TAMS 0x000000070ce00000| PB 0x000000070ce00000| Untracked 
| 104|0x000000070d000000, 0x000000070d200000, 0x000000070d200000|100%| O|  |TAMS 0x000000070d000000| PB 0x000000070d000000| Untracked 
| 105|0x000000070d200000, 0x000000070d400000, 0x000000070d400000|100%| O|  |TAMS 0x000000070d200000| PB 0x000000070d200000| Untracked 
| 106|0x000000070d400000, 0x000000070d600000, 0x000000070d600000|100%| O|  |TAMS 0x000000070d400000| PB 0x000000070d400000| Untracked 
| 107|0x000000070d600000, 0x000000070d800000, 0x000000070d800000|100%| O|  |TAMS 0x000000070d600000| PB 0x000000070d600000| Untracked 
| 108|0x000000070d800000, 0x000000070da00000, 0x000000070da00000|100%| O|  |TAMS 0x000000070d800000| PB 0x000000070d800000| Untracked 
| 109|0x000000070da00000, 0x000000070dc00000, 0x000000070dc00000|100%| O|  |TAMS 0x000000070da00000| PB 0x000000070da00000| Untracked 
| 110|0x000000070dc00000, 0x000000070de00000, 0x000000070de00000|100%| O|  |TAMS 0x000000070dc00000| PB 0x000000070dc00000| Untracked 
| 111|0x000000070de00000, 0x000000070e000000, 0x000000070e000000|100%| O|  |TAMS 0x000000070de00000| PB 0x000000070de00000| Untracked 
| 112|0x000000070e000000, 0x000000070e200000, 0x000000070e200000|100%| O|  |TAMS 0x000000070e000000| PB 0x000000070e000000| Untracked 
| 113|0x000000070e200000, 0x000000070e400000, 0x000000070e400000|100%| O|  |TAMS 0x000000070e200000| PB 0x000000070e200000| Untracked 
| 114|0x000000070e400000, 0x000000070e600000, 0x000000070e600000|100%| O|  |TAMS 0x000000070e400000| PB 0x000000070e400000| Untracked 
| 115|0x000000070e600000, 0x000000070e800000, 0x000000070e800000|100%| O|  |TAMS 0x000000070e600000| PB 0x000000070e600000| Untracked 
| 116|0x000000070e800000, 0x000000070ea00000, 0x000000070ea00000|100%| O|  |TAMS 0x000000070e800000| PB 0x000000070e800000| Untracked 
| 117|0x000000070ea00000, 0x000000070ec00000, 0x000000070ec00000|100%| O|  |TAMS 0x000000070ea00000| PB 0x000000070ea00000| Untracked 
| 118|0x000000070ec00000, 0x000000070ee00000, 0x000000070ee00000|100%| O|  |TAMS 0x000000070ec00000| PB 0x000000070ec00000| Untracked 
| 119|0x000000070ee00000, 0x000000070ee00000, 0x000000070f000000|  0%| F|  |TAMS 0x000000070ee00000| PB 0x000000070ee00000| Untracked 
| 120|0x000000070f000000, 0x000000070f200000, 0x000000070f200000|100%|HS|  |TAMS 0x000000070f000000| PB 0x000000070f000000| Complete 
| 121|0x000000070f200000, 0x000000070f400000, 0x000000070f400000|100%| O|  |TAMS 0x000000070f200000| PB 0x000000070f200000| Untracked 
| 122|0x000000070f400000, 0x000000070f600000, 0x000000070f600000|100%| O|  |TAMS 0x000000070f400000| PB 0x000000070f400000| Untracked 
| 123|0x000000070f600000, 0x000000070f600000, 0x000000070f800000|  0%| F|  |TAMS 0x000000070f600000| PB 0x000000070f600000| Untracked 
| 124|0x000000070f800000, 0x000000070fa00000, 0x000000070fa00000|100%| O|  |TAMS 0x000000070f800000| PB 0x000000070f800000| Untracked 
| 125|0x000000070fa00000, 0x000000070fc00000, 0x000000070fc00000|100%| O|  |TAMS 0x000000070fa00000| PB 0x000000070fa00000| Untracked 
| 126|0x000000070fc00000, 0x000000070fe00000, 0x000000070fe00000|100%| O|  |TAMS 0x000000070fc00000| PB 0x000000070fc00000| Untracked 
| 127|0x000000070fe00000, 0x0000000710000000, 0x0000000710000000|100%| O|  |TAMS 0x000000070fe00000| PB 0x000000070fe00000| Untracked 
| 128|0x0000000710000000, 0x0000000710200000, 0x0000000710200000|100%| O|  |TAMS 0x0000000710000000| PB 0x0000000710000000| Untracked 
| 129|0x0000000710200000, 0x0000000710400000, 0x0000000710400000|100%| O|  |TAMS 0x0000000710200000| PB 0x0000000710200000| Untracked 
| 130|0x0000000710400000, 0x0000000710600000, 0x0000000710600000|100%| O|  |TAMS 0x0000000710400000| PB 0x0000000710400000| Untracked 
| 131|0x0000000710600000, 0x0000000710800000, 0x0000000710800000|100%| O|  |TAMS 0x0000000710600000| PB 0x0000000710600000| Untracked 
| 132|0x0000000710800000, 0x0000000710a00000, 0x0000000710a00000|100%| O|  |TAMS 0x0000000710800000| PB 0x0000000710800000| Untracked 
| 133|0x0000000710a00000, 0x0000000710a00000, 0x0000000710c00000|  0%| F|  |TAMS 0x0000000710a00000| PB 0x0000000710a00000| Untracked 
| 134|0x0000000710c00000, 0x0000000710c00000, 0x0000000710e00000|  0%| F|  |TAMS 0x0000000710c00000| PB 0x0000000710c00000| Untracked 
| 135|0x0000000710e00000, 0x0000000711000000, 0x0000000711000000|100%| O|  |TAMS 0x0000000710e00000| PB 0x0000000710e00000| Untracked 
| 136|0x0000000711000000, 0x0000000711200000, 0x0000000711200000|100%| O|  |TAMS 0x0000000711000000| PB 0x0000000711000000| Untracked 
| 137|0x0000000711200000, 0x0000000711400000, 0x0000000711400000|100%| O|  |TAMS 0x0000000711200000| PB 0x0000000711200000| Untracked 
| 138|0x0000000711400000, 0x0000000711600000, 0x0000000711600000|100%| O|  |TAMS 0x0000000711400000| PB 0x0000000711400000| Untracked 
| 139|0x0000000711600000, 0x0000000711800000, 0x0000000711800000|100%| O|  |TAMS 0x0000000711600000| PB 0x0000000711600000| Untracked 
| 140|0x0000000711800000, 0x0000000711a00000, 0x0000000711a00000|100%| O|  |TAMS 0x0000000711800000| PB 0x0000000711800000| Untracked 
| 141|0x0000000711a00000, 0x0000000711c00000, 0x0000000711c00000|100%| O|  |TAMS 0x0000000711a00000| PB 0x0000000711a00000| Untracked 
| 142|0x0000000711c00000, 0x0000000711c00000, 0x0000000711e00000|  0%| F|  |TAMS 0x0000000711c00000| PB 0x0000000711c00000| Untracked 
| 143|0x0000000711e00000, 0x0000000712000000, 0x0000000712000000|100%| O|  |TAMS 0x0000000711e00000| PB 0x0000000711e00000| Untracked 
| 144|0x0000000712000000, 0x0000000712200000, 0x0000000712200000|100%| O|  |TAMS 0x0000000712000000| PB 0x0000000712000000| Untracked 
| 145|0x0000000712200000, 0x0000000712400000, 0x0000000712400000|100%| O|  |TAMS 0x0000000712200000| PB 0x0000000712200000| Untracked 
| 146|0x0000000712400000, 0x0000000712600000, 0x0000000712600000|100%| O|  |TAMS 0x0000000712400000| PB 0x0000000712400000| Untracked 
| 147|0x0000000712600000, 0x0000000712800000, 0x0000000712800000|100%| O|  |TAMS 0x0000000712600000| PB 0x0000000712600000| Untracked 
| 148|0x0000000712800000, 0x0000000712a00000, 0x0000000712a00000|100%| O|  |TAMS 0x0000000712800000| PB 0x0000000712800000| Untracked 
| 149|0x0000000712a00000, 0x0000000712c00000, 0x0000000712c00000|100%| O|  |TAMS 0x0000000712a00000| PB 0x0000000712a00000| Untracked 
| 150|0x0000000712c00000, 0x0000000712e00000, 0x0000000712e00000|100%| O|  |TAMS 0x0000000712c00000| PB 0x0000000712c00000| Untracked 
| 151|0x0000000712e00000, 0x0000000713000000, 0x0000000713000000|100%| O|  |TAMS 0x0000000712e00000| PB 0x0000000712e00000| Untracked 
| 152|0x0000000713000000, 0x0000000713200000, 0x0000000713200000|100%| O|  |TAMS 0x0000000713000000| PB 0x0000000713000000| Untracked 
| 153|0x0000000713200000, 0x0000000713400000, 0x0000000713400000|100%| O|  |TAMS 0x0000000713200000| PB 0x0000000713200000| Untracked 
| 154|0x0000000713400000, 0x0000000713600000, 0x0000000713600000|100%| O|  |TAMS 0x0000000713400000| PB 0x0000000713400000| Untracked 
| 155|0x0000000713600000, 0x0000000713800000, 0x0000000713800000|100%| O|  |TAMS 0x0000000713600000| PB 0x0000000713600000| Untracked 
| 156|0x0000000713800000, 0x0000000713a00000, 0x0000000713a00000|100%| O|  |TAMS 0x0000000713800000| PB 0x0000000713800000| Untracked 
| 157|0x0000000713a00000, 0x0000000713a00000, 0x0000000713c00000|  0%| F|  |TAMS 0x0000000713a00000| PB 0x0000000713a00000| Untracked 
| 158|0x0000000713c00000, 0x0000000713c00000, 0x0000000713e00000|  0%| F|  |TAMS 0x0000000713c00000| PB 0x0000000713c00000| Untracked 
| 159|0x0000000713e00000, 0x0000000714000000, 0x0000000714000000|100%| O|  |TAMS 0x0000000713e00000| PB 0x0000000713e00000| Untracked 
| 160|0x0000000714000000, 0x0000000714000000, 0x0000000714200000|  0%| F|  |TAMS 0x0000000714000000| PB 0x0000000714000000| Untracked 
| 161|0x0000000714200000, 0x0000000714400000, 0x0000000714400000|100%| O|  |TAMS 0x0000000714200000| PB 0x0000000714200000| Untracked 
| 162|0x0000000714400000, 0x0000000714600000, 0x0000000714600000|100%| O|  |TAMS 0x0000000714400000| PB 0x0000000714400000| Untracked 
| 163|0x0000000714600000, 0x0000000714800000, 0x0000000714800000|100%| O|  |TAMS 0x0000000714600000| PB 0x0000000714600000| Untracked 
| 164|0x0000000714800000, 0x0000000714a00000, 0x0000000714a00000|100%|HS|  |TAMS 0x0000000714800000| PB 0x0000000714800000| Complete 
| 165|0x0000000714a00000, 0x0000000714c00000, 0x0000000714c00000|100%|HC|  |TAMS 0x0000000714a00000| PB 0x0000000714a00000| Complete 
| 166|0x0000000714c00000, 0x0000000714e00000, 0x0000000714e00000|100%| O|  |TAMS 0x0000000714c00000| PB 0x0000000714c00000| Untracked 
| 167|0x0000000714e00000, 0x0000000715000000, 0x0000000715000000|100%| O|  |TAMS 0x0000000714e00000| PB 0x0000000714e00000| Untracked 
| 168|0x0000000715000000, 0x0000000715200000, 0x0000000715200000|100%| O|  |TAMS 0x0000000715000000| PB 0x0000000715000000| Untracked 
| 169|0x0000000715200000, 0x0000000715400000, 0x0000000715400000|100%| O|  |TAMS 0x0000000715200000| PB 0x0000000715200000| Untracked 
| 170|0x0000000715400000, 0x0000000715600000, 0x0000000715600000|100%| O|  |TAMS 0x0000000715400000| PB 0x0000000715400000| Untracked 
| 171|0x0000000715600000, 0x0000000715800000, 0x0000000715800000|100%| O|  |TAMS 0x0000000715600000| PB 0x0000000715600000| Untracked 
| 172|0x0000000715800000, 0x0000000715a00000, 0x0000000715a00000|100%| O|  |TAMS 0x0000000715800000| PB 0x0000000715800000| Untracked 
| 173|0x0000000715a00000, 0x0000000715c00000, 0x0000000715c00000|100%| O|  |TAMS 0x0000000715a00000| PB 0x0000000715a00000| Untracked 
| 174|0x0000000715c00000, 0x0000000715e00000, 0x0000000715e00000|100%| O|  |TAMS 0x0000000715c00000| PB 0x0000000715c00000| Untracked 
| 175|0x0000000715e00000, 0x0000000716000000, 0x0000000716000000|100%| O|  |TAMS 0x0000000715e00000| PB 0x0000000715e00000| Untracked 
| 176|0x0000000716000000, 0x0000000716200000, 0x0000000716200000|100%| O|  |TAMS 0x0000000716000000| PB 0x0000000716000000| Untracked 
| 177|0x0000000716200000, 0x0000000716400000, 0x0000000716400000|100%| O|  |TAMS 0x0000000716200000| PB 0x0000000716200000| Untracked 
| 178|0x0000000716400000, 0x0000000716600000, 0x0000000716600000|100%| O|  |TAMS 0x0000000716400000| PB 0x0000000716400000| Untracked 
| 179|0x0000000716600000, 0x0000000716800000, 0x0000000716800000|100%| O|  |TAMS 0x0000000716600000| PB 0x0000000716600000| Untracked 
| 180|0x0000000716800000, 0x0000000716a00000, 0x0000000716a00000|100%| O|  |TAMS 0x0000000716800000| PB 0x0000000716800000| Untracked 
| 181|0x0000000716a00000, 0x0000000716a00000, 0x0000000716c00000|  0%| F|  |TAMS 0x0000000716a00000| PB 0x0000000716a00000| Untracked 
| 182|0x0000000716c00000, 0x0000000716e00000, 0x0000000716e00000|100%| O|  |TAMS 0x0000000716c00000| PB 0x0000000716c00000| Untracked 
| 183|0x0000000716e00000, 0x0000000717000000, 0x0000000717000000|100%| O|  |TAMS 0x0000000716e00000| PB 0x0000000716e00000| Untracked 
| 184|0x0000000717000000, 0x0000000717200000, 0x0000000717200000|100%| O|  |TAMS 0x0000000717000000| PB 0x0000000717000000| Untracked 
| 185|0x0000000717200000, 0x0000000717200000, 0x0000000717400000|  0%| F|  |TAMS 0x0000000717200000| PB 0x0000000717200000| Untracked 
| 186|0x0000000717400000, 0x0000000717400000, 0x0000000717600000|  0%| F|  |TAMS 0x0000000717400000| PB 0x0000000717400000| Untracked 
| 187|0x0000000717600000, 0x0000000717800000, 0x0000000717800000|100%| O|  |TAMS 0x0000000717600000| PB 0x0000000717600000| Untracked 
| 188|0x0000000717800000, 0x0000000717a00000, 0x0000000717a00000|100%| O|  |TAMS 0x0000000717800000| PB 0x0000000717800000| Untracked 
| 189|0x0000000717a00000, 0x0000000717c00000, 0x0000000717c00000|100%| O|  |TAMS 0x0000000717a00000| PB 0x0000000717a00000| Untracked 
| 190|0x0000000717c00000, 0x0000000717e00000, 0x0000000717e00000|100%| O|  |TAMS 0x0000000717c00000| PB 0x0000000717c00000| Untracked 
| 191|0x0000000717e00000, 0x0000000718000000, 0x0000000718000000|100%| O|  |TAMS 0x0000000717e00000| PB 0x0000000717e00000| Untracked 
| 192|0x0000000718000000, 0x0000000718200000, 0x0000000718200000|100%| O|  |TAMS 0x0000000718000000| PB 0x0000000718000000| Untracked 
| 193|0x0000000718200000, 0x0000000718400000, 0x0000000718400000|100%| O|  |TAMS 0x0000000718200000| PB 0x0000000718200000| Untracked 
| 194|0x0000000718400000, 0x0000000718400000, 0x0000000718600000|  0%| F|  |TAMS 0x0000000718400000| PB 0x0000000718400000| Untracked 
| 195|0x0000000718600000, 0x0000000718800000, 0x0000000718800000|100%| O|  |TAMS 0x0000000718600000| PB 0x0000000718600000| Untracked 
| 196|0x0000000718800000, 0x0000000718800000, 0x0000000718a00000|  0%| F|  |TAMS 0x0000000718800000| PB 0x0000000718800000| Untracked 
| 197|0x0000000718a00000, 0x0000000718c00000, 0x0000000718c00000|100%| O|  |TAMS 0x0000000718a00000| PB 0x0000000718a00000| Untracked 
| 198|0x0000000718c00000, 0x0000000718e00000, 0x0000000718e00000|100%| O|  |TAMS 0x0000000718c00000| PB 0x0000000718c00000| Untracked 
| 199|0x0000000718e00000, 0x0000000718e00000, 0x0000000719000000|  0%| F|  |TAMS 0x0000000718e00000| PB 0x0000000718e00000| Untracked 
| 200|0x0000000719000000, 0x0000000719200000, 0x0000000719200000|100%| O|  |TAMS 0x0000000719000000| PB 0x0000000719000000| Untracked 
| 201|0x0000000719200000, 0x0000000719400000, 0x0000000719400000|100%| O|  |TAMS 0x0000000719200000| PB 0x0000000719200000| Untracked 
| 202|0x0000000719400000, 0x0000000719600000, 0x0000000719600000|100%| O|  |TAMS 0x0000000719400000| PB 0x0000000719400000| Untracked 
| 203|0x0000000719600000, 0x0000000719800000, 0x0000000719800000|100%| O|  |TAMS 0x0000000719600000| PB 0x0000000719600000| Untracked 
| 204|0x0000000719800000, 0x0000000719a00000, 0x0000000719a00000|100%| O|  |TAMS 0x0000000719800000| PB 0x0000000719800000| Untracked 
| 205|0x0000000719a00000, 0x0000000719c00000, 0x0000000719c00000|100%| O|  |TAMS 0x0000000719a00000| PB 0x0000000719a00000| Untracked 
| 206|0x0000000719c00000, 0x0000000719e00000, 0x0000000719e00000|100%| O|  |TAMS 0x0000000719c00000| PB 0x0000000719c00000| Untracked 
| 207|0x0000000719e00000, 0x000000071a000000, 0x000000071a000000|100%| O|  |TAMS 0x0000000719e00000| PB 0x0000000719e00000| Untracked 
| 208|0x000000071a000000, 0x000000071a200000, 0x000000071a200000|100%| O|  |TAMS 0x000000071a000000| PB 0x000000071a000000| Untracked 
| 209|0x000000071a200000, 0x000000071a400000, 0x000000071a400000|100%| O|  |TAMS 0x000000071a200000| PB 0x000000071a200000| Untracked 
| 210|0x000000071a400000, 0x000000071a600000, 0x000000071a600000|100%| O|  |TAMS 0x000000071a400000| PB 0x000000071a400000| Untracked 
| 211|0x000000071a600000, 0x000000071a800000, 0x000000071a800000|100%| O|  |TAMS 0x000000071a600000| PB 0x000000071a600000| Untracked 
| 212|0x000000071a800000, 0x000000071aa00000, 0x000000071aa00000|100%| O|  |TAMS 0x000000071a800000| PB 0x000000071a800000| Untracked 
| 213|0x000000071aa00000, 0x000000071ac00000, 0x000000071ac00000|100%| O|  |TAMS 0x000000071aa00000| PB 0x000000071aa00000| Untracked 
| 214|0x000000071ac00000, 0x000000071ae00000, 0x000000071ae00000|100%| O|  |TAMS 0x000000071ac00000| PB 0x000000071ac00000| Untracked 
| 215|0x000000071ae00000, 0x000000071b000000, 0x000000071b000000|100%| O|  |TAMS 0x000000071ae00000| PB 0x000000071ae00000| Untracked 
| 216|0x000000071b000000, 0x000000071b200000, 0x000000071b200000|100%| O|  |TAMS 0x000000071b000000| PB 0x000000071b000000| Untracked 
| 217|0x000000071b200000, 0x000000071b400000, 0x000000071b400000|100%| O|  |TAMS 0x000000071b200000| PB 0x000000071b200000| Untracked 
| 218|0x000000071b400000, 0x000000071b600000, 0x000000071b600000|100%| O|  |TAMS 0x000000071b400000| PB 0x000000071b400000| Untracked 
| 219|0x000000071b600000, 0x000000071b800000, 0x000000071b800000|100%| O|  |TAMS 0x000000071b600000| PB 0x000000071b600000| Untracked 
| 220|0x000000071b800000, 0x000000071ba00000, 0x000000071ba00000|100%| O|  |TAMS 0x000000071b800000| PB 0x000000071b800000| Untracked 
| 221|0x000000071ba00000, 0x000000071bc00000, 0x000000071bc00000|100%| O|  |TAMS 0x000000071ba00000| PB 0x000000071ba00000| Untracked 
| 222|0x000000071bc00000, 0x000000071be00000, 0x000000071be00000|100%| O|  |TAMS 0x000000071bc00000| PB 0x000000071bc00000| Untracked 
| 223|0x000000071be00000, 0x000000071c000000, 0x000000071c000000|100%| O|  |TAMS 0x000000071be00000| PB 0x000000071be00000| Untracked 
| 224|0x000000071c000000, 0x000000071c200000, 0x000000071c200000|100%| O|  |TAMS 0x000000071c000000| PB 0x000000071c000000| Untracked 
| 225|0x000000071c200000, 0x000000071c400000, 0x000000071c400000|100%| O|  |TAMS 0x000000071c200000| PB 0x000000071c200000| Untracked 
| 226|0x000000071c400000, 0x000000071c600000, 0x000000071c600000|100%| O|  |TAMS 0x000000071c400000| PB 0x000000071c400000| Untracked 
| 227|0x000000071c600000, 0x000000071c800000, 0x000000071c800000|100%| O|  |TAMS 0x000000071c600000| PB 0x000000071c600000| Untracked 
| 228|0x000000071c800000, 0x000000071ca00000, 0x000000071ca00000|100%| O|  |TAMS 0x000000071c800000| PB 0x000000071c800000| Untracked 
| 229|0x000000071ca00000, 0x000000071cc00000, 0x000000071cc00000|100%| O|  |TAMS 0x000000071ca00000| PB 0x000000071ca00000| Untracked 
| 230|0x000000071cc00000, 0x000000071ce00000, 0x000000071ce00000|100%| O|  |TAMS 0x000000071cc00000| PB 0x000000071cc00000| Untracked 
| 231|0x000000071ce00000, 0x000000071d000000, 0x000000071d000000|100%| O|  |TAMS 0x000000071ce00000| PB 0x000000071ce00000| Untracked 
| 232|0x000000071d000000, 0x000000071d200000, 0x000000071d200000|100%| O|  |TAMS 0x000000071d000000| PB 0x000000071d000000| Untracked 
| 233|0x000000071d200000, 0x000000071d400000, 0x000000071d400000|100%| O|  |TAMS 0x000000071d200000| PB 0x000000071d200000| Untracked 
| 234|0x000000071d400000, 0x000000071d600000, 0x000000071d600000|100%| O|  |TAMS 0x000000071d400000| PB 0x000000071d400000| Untracked 
| 235|0x000000071d600000, 0x000000071d800000, 0x000000071d800000|100%| O|  |TAMS 0x000000071d600000| PB 0x000000071d600000| Untracked 
| 236|0x000000071d800000, 0x000000071da00000, 0x000000071da00000|100%| O|  |TAMS 0x000000071d800000| PB 0x000000071d800000| Untracked 
| 237|0x000000071da00000, 0x000000071dc00000, 0x000000071dc00000|100%| O|  |TAMS 0x000000071da00000| PB 0x000000071da00000| Untracked 
| 238|0x000000071dc00000, 0x000000071dc00000, 0x000000071de00000|  0%| F|  |TAMS 0x000000071dc00000| PB 0x000000071dc00000| Untracked 
| 239|0x000000071de00000, 0x000000071e000000, 0x000000071e000000|100%| O|  |TAMS 0x000000071de00000| PB 0x000000071de00000| Untracked 
| 240|0x000000071e000000, 0x000000071e200000, 0x000000071e200000|100%| O|  |TAMS 0x000000071e000000| PB 0x000000071e000000| Untracked 
| 241|0x000000071e200000, 0x000000071e400000, 0x000000071e400000|100%| O|  |TAMS 0x000000071e200000| PB 0x000000071e200000| Untracked 
| 242|0x000000071e400000, 0x000000071e600000, 0x000000071e600000|100%| O|  |TAMS 0x000000071e400000| PB 0x000000071e400000| Untracked 
| 243|0x000000071e600000, 0x000000071e800000, 0x000000071e800000|100%| O|  |TAMS 0x000000071e600000| PB 0x000000071e600000| Untracked 
| 244|0x000000071e800000, 0x000000071ea00000, 0x000000071ea00000|100%| O|  |TAMS 0x000000071e800000| PB 0x000000071e800000| Untracked 
| 245|0x000000071ea00000, 0x000000071ec00000, 0x000000071ec00000|100%| O|  |TAMS 0x000000071ea00000| PB 0x000000071ea00000| Untracked 
| 246|0x000000071ec00000, 0x000000071ee00000, 0x000000071ee00000|100%| O|  |TAMS 0x000000071ec00000| PB 0x000000071ec00000| Untracked 
| 247|0x000000071ee00000, 0x000000071f000000, 0x000000071f000000|100%| O|  |TAMS 0x000000071ee00000| PB 0x000000071ee00000| Untracked 
| 248|0x000000071f000000, 0x000000071f200000, 0x000000071f200000|100%| O|  |TAMS 0x000000071f000000| PB 0x000000071f000000| Untracked 
| 249|0x000000071f200000, 0x000000071f400000, 0x000000071f400000|100%| O|  |TAMS 0x000000071f200000| PB 0x000000071f200000| Untracked 
| 250|0x000000071f400000, 0x000000071f600000, 0x000000071f600000|100%| O|  |TAMS 0x000000071f400000| PB 0x000000071f400000| Untracked 
| 251|0x000000071f600000, 0x000000071f800000, 0x000000071f800000|100%| O|  |TAMS 0x000000071f600000| PB 0x000000071f600000| Untracked 
| 252|0x000000071f800000, 0x000000071fa00000, 0x000000071fa00000|100%| O|  |TAMS 0x000000071f800000| PB 0x000000071f800000| Untracked 
| 253|0x000000071fa00000, 0x000000071fc00000, 0x000000071fc00000|100%| O|  |TAMS 0x000000071fa00000| PB 0x000000071fa00000| Untracked 
| 254|0x000000071fc00000, 0x000000071fe00000, 0x000000071fe00000|100%| O|  |TAMS 0x000000071fc00000| PB 0x000000071fc00000| Untracked 
| 255|0x000000071fe00000, 0x0000000720000000, 0x0000000720000000|100%| O|  |TAMS 0x000000071fe00000| PB 0x000000071fe00000| Untracked 
| 256|0x0000000720000000, 0x0000000720200000, 0x0000000720200000|100%| O|  |TAMS 0x0000000720000000| PB 0x0000000720000000| Untracked 
| 257|0x0000000720200000, 0x0000000720400000, 0x0000000720400000|100%| O|  |TAMS 0x0000000720200000| PB 0x0000000720200000| Untracked 
| 258|0x0000000720400000, 0x0000000720600000, 0x0000000720600000|100%| O|  |TAMS 0x0000000720400000| PB 0x0000000720400000| Untracked 
| 259|0x0000000720600000, 0x0000000720600000, 0x0000000720800000|  0%| F|  |TAMS 0x0000000720600000| PB 0x0000000720600000| Untracked 
| 260|0x0000000720800000, 0x0000000720800000, 0x0000000720a00000|  0%| F|  |TAMS 0x0000000720800000| PB 0x0000000720800000| Untracked 
| 261|0x0000000720a00000, 0x0000000720c00000, 0x0000000720c00000|100%| O|  |TAMS 0x0000000720a00000| PB 0x0000000720a00000| Untracked 
| 262|0x0000000720c00000, 0x0000000720c00000, 0x0000000720e00000|  0%| F|  |TAMS 0x0000000720c00000| PB 0x0000000720c00000| Untracked 
| 263|0x0000000720e00000, 0x0000000721000000, 0x0000000721000000|100%| O|  |TAMS 0x0000000720e00000| PB 0x0000000720e00000| Untracked 
| 264|0x0000000721000000, 0x0000000721200000, 0x0000000721200000|100%| O|  |TAMS 0x0000000721000000| PB 0x0000000721000000| Untracked 
| 265|0x0000000721200000, 0x0000000721400000, 0x0000000721400000|100%| O|  |TAMS 0x0000000721200000| PB 0x0000000721200000| Untracked 
| 266|0x0000000721400000, 0x0000000721600000, 0x0000000721600000|100%| O|  |TAMS 0x0000000721400000| PB 0x0000000721400000| Untracked 
| 267|0x0000000721600000, 0x0000000721800000, 0x0000000721800000|100%| O|  |TAMS 0x0000000721600000| PB 0x0000000721600000| Untracked 
| 268|0x0000000721800000, 0x0000000721a00000, 0x0000000721a00000|100%| O|  |TAMS 0x0000000721800000| PB 0x0000000721800000| Untracked 
| 269|0x0000000721a00000, 0x0000000721a00000, 0x0000000721c00000|  0%| F|  |TAMS 0x0000000721a00000| PB 0x0000000721a00000| Untracked 
| 270|0x0000000721c00000, 0x0000000721e00000, 0x0000000721e00000|100%| O|  |TAMS 0x0000000721c00000| PB 0x0000000721c00000| Untracked 
| 271|0x0000000721e00000, 0x0000000721e00000, 0x0000000722000000|  0%| F|  |TAMS 0x0000000721e00000| PB 0x0000000721e00000| Untracked 
| 272|0x0000000722000000, 0x0000000722200000, 0x0000000722200000|100%| O|  |TAMS 0x0000000722000000| PB 0x0000000722000000| Untracked 
| 273|0x0000000722200000, 0x0000000722400000, 0x0000000722400000|100%| O|  |TAMS 0x0000000722200000| PB 0x0000000722200000| Untracked 
| 274|0x0000000722400000, 0x0000000722600000, 0x0000000722600000|100%| O|  |TAMS 0x0000000722400000| PB 0x0000000722400000| Untracked 
| 275|0x0000000722600000, 0x0000000722800000, 0x0000000722800000|100%| O|  |TAMS 0x0000000722600000| PB 0x0000000722600000| Untracked 
| 276|0x0000000722800000, 0x0000000722800000, 0x0000000722a00000|  0%| F|  |TAMS 0x0000000722800000| PB 0x0000000722800000| Untracked 
| 277|0x0000000722a00000, 0x0000000722c00000, 0x0000000722c00000|100%| O|  |TAMS 0x0000000722a00000| PB 0x0000000722a00000| Untracked 
| 278|0x0000000722c00000, 0x0000000722e00000, 0x0000000722e00000|100%| O|  |TAMS 0x0000000722c00000| PB 0x0000000722c00000| Untracked 
| 279|0x0000000722e00000, 0x0000000723000000, 0x0000000723000000|100%| O|  |TAMS 0x0000000722e00000| PB 0x0000000722e00000| Untracked 
| 280|0x0000000723000000, 0x0000000723200000, 0x0000000723200000|100%| O|  |TAMS 0x0000000723000000| PB 0x0000000723000000| Untracked 
| 281|0x0000000723200000, 0x0000000723400000, 0x0000000723400000|100%| O|  |TAMS 0x0000000723200000| PB 0x0000000723200000| Untracked 
| 282|0x0000000723400000, 0x0000000723600000, 0x0000000723600000|100%| O|  |TAMS 0x0000000723400000| PB 0x0000000723400000| Untracked 
| 283|0x0000000723600000, 0x0000000723800000, 0x0000000723800000|100%| O|  |TAMS 0x0000000723600000| PB 0x0000000723600000| Untracked 
| 284|0x0000000723800000, 0x0000000723a00000, 0x0000000723a00000|100%| O|  |TAMS 0x0000000723800000| PB 0x0000000723800000| Untracked 
| 285|0x0000000723a00000, 0x0000000723c00000, 0x0000000723c00000|100%| O|  |TAMS 0x0000000723a00000| PB 0x0000000723a00000| Untracked 
| 286|0x0000000723c00000, 0x0000000723e00000, 0x0000000723e00000|100%| O|  |TAMS 0x0000000723c00000| PB 0x0000000723c00000| Untracked 
| 287|0x0000000723e00000, 0x0000000724000000, 0x0000000724000000|100%| O|  |TAMS 0x0000000723e00000| PB 0x0000000723e00000| Untracked 
| 288|0x0000000724000000, 0x0000000724200000, 0x0000000724200000|100%| O|  |TAMS 0x0000000724000000| PB 0x0000000724000000| Untracked 
| 289|0x0000000724200000, 0x0000000724400000, 0x0000000724400000|100%| O|  |TAMS 0x0000000724200000| PB 0x0000000724200000| Untracked 
| 290|0x0000000724400000, 0x0000000724600000, 0x0000000724600000|100%| O|  |TAMS 0x0000000724400000| PB 0x0000000724400000| Untracked 
| 291|0x0000000724600000, 0x0000000724800000, 0x0000000724800000|100%| O|  |TAMS 0x0000000724600000| PB 0x0000000724600000| Untracked 
| 292|0x0000000724800000, 0x0000000724a00000, 0x0000000724a00000|100%| O|  |TAMS 0x0000000724800000| PB 0x0000000724800000| Untracked 
| 293|0x0000000724a00000, 0x0000000724c00000, 0x0000000724c00000|100%| O|  |TAMS 0x0000000724a00000| PB 0x0000000724a00000| Untracked 
| 294|0x0000000724c00000, 0x0000000724e00000, 0x0000000724e00000|100%| O|  |TAMS 0x0000000724c00000| PB 0x0000000724c00000| Untracked 
| 295|0x0000000724e00000, 0x0000000725000000, 0x0000000725000000|100%| O|  |TAMS 0x0000000724e00000| PB 0x0000000724e00000| Untracked 
| 296|0x0000000725000000, 0x0000000725200000, 0x0000000725200000|100%| O|  |TAMS 0x0000000725000000| PB 0x0000000725000000| Untracked 
| 297|0x0000000725200000, 0x0000000725400000, 0x0000000725400000|100%| O|  |TAMS 0x0000000725200000| PB 0x0000000725200000| Untracked 
| 298|0x0000000725400000, 0x0000000725600000, 0x0000000725600000|100%| O|  |TAMS 0x0000000725400000| PB 0x0000000725400000| Untracked 
| 299|0x0000000725600000, 0x0000000725800000, 0x0000000725800000|100%| O|  |TAMS 0x0000000725600000| PB 0x0000000725600000| Untracked 
| 300|0x0000000725800000, 0x0000000725a00000, 0x0000000725a00000|100%| O|  |TAMS 0x0000000725800000| PB 0x0000000725800000| Untracked 
| 301|0x0000000725a00000, 0x0000000725c00000, 0x0000000725c00000|100%| O|  |TAMS 0x0000000725a00000| PB 0x0000000725a00000| Untracked 
| 302|0x0000000725c00000, 0x0000000725e00000, 0x0000000725e00000|100%| O|  |TAMS 0x0000000725c00000| PB 0x0000000725c00000| Untracked 
| 303|0x0000000725e00000, 0x0000000726000000, 0x0000000726000000|100%| O|  |TAMS 0x0000000725e00000| PB 0x0000000725e00000| Untracked 
| 304|0x0000000726000000, 0x0000000726200000, 0x0000000726200000|100%| O|  |TAMS 0x0000000726000000| PB 0x0000000726000000| Untracked 
| 305|0x0000000726200000, 0x0000000726400000, 0x0000000726400000|100%| O|  |TAMS 0x0000000726200000| PB 0x0000000726200000| Untracked 
| 306|0x0000000726400000, 0x0000000726600000, 0x0000000726600000|100%| O|  |TAMS 0x0000000726400000| PB 0x0000000726400000| Untracked 
| 307|0x0000000726600000, 0x0000000726800000, 0x0000000726800000|100%| O|  |TAMS 0x0000000726600000| PB 0x0000000726600000| Untracked 
| 308|0x0000000726800000, 0x0000000726a00000, 0x0000000726a00000|100%| O|  |TAMS 0x0000000726800000| PB 0x0000000726800000| Untracked 
| 309|0x0000000726a00000, 0x0000000726c00000, 0x0000000726c00000|100%| O|  |TAMS 0x0000000726a00000| PB 0x0000000726a00000| Untracked 
| 310|0x0000000726c00000, 0x0000000726e00000, 0x0000000726e00000|100%| O|  |TAMS 0x0000000726c00000| PB 0x0000000726c00000| Untracked 
| 311|0x0000000726e00000, 0x0000000727000000, 0x0000000727000000|100%| O|  |TAMS 0x0000000726e00000| PB 0x0000000726e00000| Untracked 
| 312|0x0000000727000000, 0x0000000727200000, 0x0000000727200000|100%| O|  |TAMS 0x0000000727000000| PB 0x0000000727000000| Untracked 
| 313|0x0000000727200000, 0x0000000727400000, 0x0000000727400000|100%| O|  |TAMS 0x0000000727200000| PB 0x0000000727200000| Untracked 
| 314|0x0000000727400000, 0x0000000727600000, 0x0000000727600000|100%| O|  |TAMS 0x0000000727400000| PB 0x0000000727400000| Untracked 
| 315|0x0000000727600000, 0x0000000727800000, 0x0000000727800000|100%| O|  |TAMS 0x0000000727600000| PB 0x0000000727600000| Untracked 
| 316|0x0000000727800000, 0x0000000727a00000, 0x0000000727a00000|100%| O|  |TAMS 0x0000000727800000| PB 0x0000000727800000| Untracked 
| 317|0x0000000727a00000, 0x0000000727c00000, 0x0000000727c00000|100%| O|  |TAMS 0x0000000727a00000| PB 0x0000000727a00000| Untracked 
| 318|0x0000000727c00000, 0x0000000727e00000, 0x0000000727e00000|100%| S|CS|TAMS 0x0000000727c00000| PB 0x0000000727c00000| Complete 
| 319|0x0000000727e00000, 0x0000000728000000, 0x0000000728000000|100%| S|CS|TAMS 0x0000000727e00000| PB 0x0000000727e00000| Complete 
| 320|0x0000000728000000, 0x0000000728000000, 0x0000000728200000|  0%| F|  |TAMS 0x0000000728000000| PB 0x0000000728000000| Untracked 
| 321|0x0000000728200000, 0x0000000728200000, 0x0000000728400000|  0%| F|  |TAMS 0x0000000728200000| PB 0x0000000728200000| Untracked 
| 322|0x0000000728400000, 0x0000000728400000, 0x0000000728600000|  0%| F|  |TAMS 0x0000000728400000| PB 0x0000000728400000| Untracked 
| 323|0x0000000728600000, 0x0000000728600000, 0x0000000728800000|  0%| F|  |TAMS 0x0000000728600000| PB 0x0000000728600000| Untracked 
| 324|0x0000000728800000, 0x0000000728800000, 0x0000000728a00000|  0%| F|  |TAMS 0x0000000728800000| PB 0x0000000728800000| Untracked 
| 325|0x0000000728a00000, 0x0000000728a00000, 0x0000000728c00000|  0%| F|  |TAMS 0x0000000728a00000| PB 0x0000000728a00000| Untracked 
| 326|0x0000000728c00000, 0x0000000728c00000, 0x0000000728e00000|  0%| F|  |TAMS 0x0000000728c00000| PB 0x0000000728c00000| Untracked 
| 327|0x0000000728e00000, 0x0000000728e00000, 0x0000000729000000|  0%| F|  |TAMS 0x0000000728e00000| PB 0x0000000728e00000| Untracked 
| 328|0x0000000729000000, 0x0000000729000000, 0x0000000729200000|  0%| F|  |TAMS 0x0000000729000000| PB 0x0000000729000000| Untracked 
| 329|0x0000000729200000, 0x0000000729200000, 0x0000000729400000|  0%| F|  |TAMS 0x0000000729200000| PB 0x0000000729200000| Untracked 
| 330|0x0000000729400000, 0x0000000729400000, 0x0000000729600000|  0%| F|  |TAMS 0x0000000729400000| PB 0x0000000729400000| Untracked 
| 331|0x0000000729600000, 0x0000000729600000, 0x0000000729800000|  0%| F|  |TAMS 0x0000000729600000| PB 0x0000000729600000| Untracked 
| 332|0x0000000729800000, 0x0000000729800000, 0x0000000729a00000|  0%| F|  |TAMS 0x0000000729800000| PB 0x0000000729800000| Untracked 
| 333|0x0000000729a00000, 0x0000000729a00000, 0x0000000729c00000|  0%| F|  |TAMS 0x0000000729a00000| PB 0x0000000729a00000| Untracked 
| 334|0x0000000729c00000, 0x0000000729c00000, 0x0000000729e00000|  0%| F|  |TAMS 0x0000000729c00000| PB 0x0000000729c00000| Untracked 
| 335|0x0000000729e00000, 0x0000000729e00000, 0x000000072a000000|  0%| F|  |TAMS 0x0000000729e00000| PB 0x0000000729e00000| Untracked 
| 336|0x000000072a000000, 0x000000072a000000, 0x000000072a200000|  0%| F|  |TAMS 0x000000072a000000| PB 0x000000072a000000| Untracked 
| 337|0x000000072a200000, 0x000000072a400000, 0x000000072a400000|100%| O|  |TAMS 0x000000072a200000| PB 0x000000072a200000| Untracked 
| 338|0x000000072a400000, 0x000000072a600000, 0x000000072a600000|100%| O|  |TAMS 0x000000072a400000| PB 0x000000072a400000| Untracked 
| 339|0x000000072a600000, 0x000000072a800000, 0x000000072a800000|100%| O|  |TAMS 0x000000072a600000| PB 0x000000072a600000| Untracked 
| 340|0x000000072a800000, 0x000000072aa00000, 0x000000072aa00000|100%| O|  |TAMS 0x000000072a800000| PB 0x000000072a800000| Untracked 
| 341|0x000000072aa00000, 0x000000072ac00000, 0x000000072ac00000|100%| O|  |TAMS 0x000000072aa00000| PB 0x000000072aa00000| Untracked 
| 342|0x000000072ac00000, 0x000000072ac00000, 0x000000072ae00000|  0%| F|  |TAMS 0x000000072ac00000| PB 0x000000072ac00000| Untracked 
| 343|0x000000072ae00000, 0x000000072ae00000, 0x000000072b000000|  0%| F|  |TAMS 0x000000072ae00000| PB 0x000000072ae00000| Untracked 
| 344|0x000000072b000000, 0x000000072b000000, 0x000000072b200000|  0%| F|  |TAMS 0x000000072b000000| PB 0x000000072b000000| Untracked 
| 345|0x000000072b200000, 0x000000072b200000, 0x000000072b400000|  0%| F|  |TAMS 0x000000072b200000| PB 0x000000072b200000| Untracked 
| 346|0x000000072b400000, 0x000000072b400000, 0x000000072b600000|  0%| F|  |TAMS 0x000000072b400000| PB 0x000000072b400000| Untracked 
| 347|0x000000072b600000, 0x000000072b800000, 0x000000072b800000|100%| S|CS|TAMS 0x000000072b600000| PB 0x000000072b600000| Complete 
| 348|0x000000072b800000, 0x000000072ba00000, 0x000000072ba00000|100%| S|CS|TAMS 0x000000072b800000| PB 0x000000072b800000| Complete 
| 349|0x000000072ba00000, 0x000000072bc00000, 0x000000072bc00000|100%| S|CS|TAMS 0x000000072ba00000| PB 0x000000072ba00000| Complete 
| 350|0x000000072bc00000, 0x000000072bc00000, 0x000000072be00000|  0%| F|  |TAMS 0x000000072bc00000| PB 0x000000072bc00000| Untracked 
| 351|0x000000072be00000, 0x000000072be00000, 0x000000072c000000|  0%| F|  |TAMS 0x000000072be00000| PB 0x000000072be00000| Untracked 
| 352|0x000000072c000000, 0x000000072c000000, 0x000000072c200000|  0%| F|  |TAMS 0x000000072c000000| PB 0x000000072c000000| Untracked 
| 353|0x000000072c200000, 0x000000072c200000, 0x000000072c400000|  0%| F|  |TAMS 0x000000072c200000| PB 0x000000072c200000| Untracked 
| 354|0x000000072c400000, 0x000000072c600000, 0x000000072c600000|100%| S|CS|TAMS 0x000000072c400000| PB 0x000000072c400000| Complete 
| 355|0x000000072c600000, 0x000000072c800000, 0x000000072c800000|100%| S|CS|TAMS 0x000000072c600000| PB 0x000000072c600000| Complete 
| 356|0x000000072c800000, 0x000000072ca00000, 0x000000072ca00000|100%| S|CS|TAMS 0x000000072c800000| PB 0x000000072c800000| Complete 
| 357|0x000000072ca00000, 0x000000072cc00000, 0x000000072cc00000|100%| S|CS|TAMS 0x000000072ca00000| PB 0x000000072ca00000| Complete 
| 358|0x000000072cc00000, 0x000000072ce00000, 0x000000072ce00000|100%| S|CS|TAMS 0x000000072cc00000| PB 0x000000072cc00000| Complete 
| 359|0x000000072ce00000, 0x000000072d000000, 0x000000072d000000|100%| S|CS|TAMS 0x000000072ce00000| PB 0x000000072ce00000| Complete 
| 360|0x000000072d000000, 0x000000072d200000, 0x000000072d200000|100%| S|CS|TAMS 0x000000072d000000| PB 0x000000072d000000| Complete 
| 361|0x000000072d200000, 0x000000072d400000, 0x000000072d400000|100%| S|CS|TAMS 0x000000072d200000| PB 0x000000072d200000| Complete 
| 362|0x000000072d400000, 0x000000072d600000, 0x000000072d600000|100%| S|CS|TAMS 0x000000072d400000| PB 0x000000072d400000| Complete 
| 363|0x000000072d600000, 0x000000072d800000, 0x000000072d800000|100%| S|CS|TAMS 0x000000072d600000| PB 0x000000072d600000| Complete 
| 364|0x000000072d800000, 0x000000072da00000, 0x000000072da00000|100%| S|CS|TAMS 0x000000072d800000| PB 0x000000072d800000| Complete 
| 365|0x000000072da00000, 0x000000072dc00000, 0x000000072dc00000|100%| S|CS|TAMS 0x000000072da00000| PB 0x000000072da00000| Complete 
| 366|0x000000072dc00000, 0x000000072de00000, 0x000000072de00000|100%| S|CS|TAMS 0x000000072dc00000| PB 0x000000072dc00000| Complete 
| 367|0x000000072de00000, 0x000000072e000000, 0x000000072e000000|100%| S|CS|TAMS 0x000000072de00000| PB 0x000000072de00000| Complete 
| 368|0x000000072e000000, 0x000000072e200000, 0x000000072e200000|100%| S|CS|TAMS 0x000000072e000000| PB 0x000000072e000000| Complete 
| 369|0x000000072e200000, 0x000000072e400000, 0x000000072e400000|100%| S|CS|TAMS 0x000000072e200000| PB 0x000000072e200000| Complete 
| 370|0x000000072e400000, 0x000000072e600000, 0x000000072e600000|100%| S|CS|TAMS 0x000000072e400000| PB 0x000000072e400000| Complete 
| 371|0x000000072e600000, 0x000000072e800000, 0x000000072e800000|100%| S|CS|TAMS 0x000000072e600000| PB 0x000000072e600000| Complete 
| 372|0x000000072e800000, 0x000000072ea00000, 0x000000072ea00000|100%| S|CS|TAMS 0x000000072e800000| PB 0x000000072e800000| Complete 
| 373|0x000000072ea00000, 0x000000072ec00000, 0x000000072ec00000|100%| S|CS|TAMS 0x000000072ea00000| PB 0x000000072ea00000| Complete 
| 374|0x000000072ec00000, 0x000000072ee00000, 0x000000072ee00000|100%| S|CS|TAMS 0x000000072ec00000| PB 0x000000072ec00000| Complete 
| 375|0x000000072ee00000, 0x000000072f000000, 0x000000072f000000|100%| S|CS|TAMS 0x000000072ee00000| PB 0x000000072ee00000| Complete 
| 376|0x000000072f000000, 0x000000072f200000, 0x000000072f200000|100%| S|CS|TAMS 0x000000072f000000| PB 0x000000072f000000| Complete 
| 377|0x000000072f200000, 0x000000072f400000, 0x000000072f400000|100%| S|CS|TAMS 0x000000072f200000| PB 0x000000072f200000| Complete 
| 378|0x000000072f400000, 0x000000072f400000, 0x000000072f600000|  0%| F|  |TAMS 0x000000072f400000| PB 0x000000072f400000| Untracked 
| 379|0x000000072f600000, 0x000000072f600000, 0x000000072f800000|  0%| F|  |TAMS 0x000000072f600000| PB 0x000000072f600000| Untracked 
| 380|0x000000072f800000, 0x000000072f800000, 0x000000072fa00000|  0%| F|  |TAMS 0x000000072f800000| PB 0x000000072f800000| Untracked 
| 381|0x000000072fa00000, 0x000000072fa00000, 0x000000072fc00000|  0%| F|  |TAMS 0x000000072fa00000| PB 0x000000072fa00000| Untracked 
| 382|0x000000072fc00000, 0x000000072fc00000, 0x000000072fe00000|  0%| F|  |TAMS 0x000000072fc00000| PB 0x000000072fc00000| Untracked 
| 383|0x000000072fe00000, 0x000000072fe00000, 0x0000000730000000|  0%| F|  |TAMS 0x000000072fe00000| PB 0x000000072fe00000| Untracked 
| 384|0x0000000730000000, 0x0000000730000000, 0x0000000730200000|  0%| F|  |TAMS 0x0000000730000000| PB 0x0000000730000000| Untracked 
| 385|0x0000000730200000, 0x0000000730200000, 0x0000000730400000|  0%| F|  |TAMS 0x0000000730200000| PB 0x0000000730200000| Untracked 
| 386|0x0000000730400000, 0x0000000730400000, 0x0000000730600000|  0%| F|  |TAMS 0x0000000730400000| PB 0x0000000730400000| Untracked 
| 387|0x0000000730600000, 0x0000000730600000, 0x0000000730800000|  0%| F|  |TAMS 0x0000000730600000| PB 0x0000000730600000| Untracked 
| 388|0x0000000730800000, 0x0000000730800000, 0x0000000730a00000|  0%| F|  |TAMS 0x0000000730800000| PB 0x0000000730800000| Untracked 
| 389|0x0000000730a00000, 0x0000000730a00000, 0x0000000730c00000|  0%| F|  |TAMS 0x0000000730a00000| PB 0x0000000730a00000| Untracked 
| 390|0x0000000730c00000, 0x0000000730c00000, 0x0000000730e00000|  0%| F|  |TAMS 0x0000000730c00000| PB 0x0000000730c00000| Untracked 
| 391|0x0000000730e00000, 0x0000000730e00000, 0x0000000731000000|  0%| F|  |TAMS 0x0000000730e00000| PB 0x0000000730e00000| Untracked 
| 392|0x0000000731000000, 0x0000000731000000, 0x0000000731200000|  0%| F|  |TAMS 0x0000000731000000| PB 0x0000000731000000| Untracked 
| 393|0x0000000731200000, 0x0000000731200000, 0x0000000731400000|  0%| F|  |TAMS 0x0000000731200000| PB 0x0000000731200000| Untracked 
| 394|0x0000000731400000, 0x0000000731400000, 0x0000000731600000|  0%| F|  |TAMS 0x0000000731400000| PB 0x0000000731400000| Untracked 
| 395|0x0000000731600000, 0x0000000731600000, 0x0000000731800000|  0%| F|  |TAMS 0x0000000731600000| PB 0x0000000731600000| Untracked 
| 396|0x0000000731800000, 0x0000000731800000, 0x0000000731a00000|  0%| F|  |TAMS 0x0000000731800000| PB 0x0000000731800000| Untracked 
| 397|0x0000000731a00000, 0x0000000731a00000, 0x0000000731c00000|  0%| F|  |TAMS 0x0000000731a00000| PB 0x0000000731a00000| Untracked 
| 398|0x0000000731c00000, 0x0000000731c00000, 0x0000000731e00000|  0%| F|  |TAMS 0x0000000731c00000| PB 0x0000000731c00000| Untracked 
| 399|0x0000000731e00000, 0x0000000731e00000, 0x0000000732000000|  0%| F|  |TAMS 0x0000000731e00000| PB 0x0000000731e00000| Untracked 
| 400|0x0000000732000000, 0x0000000732000000, 0x0000000732200000|  0%| F|  |TAMS 0x0000000732000000| PB 0x0000000732000000| Untracked 
| 401|0x0000000732200000, 0x0000000732200000, 0x0000000732400000|  0%| F|  |TAMS 0x0000000732200000| PB 0x0000000732200000| Untracked 
| 402|0x0000000732400000, 0x0000000732400000, 0x0000000732600000|  0%| F|  |TAMS 0x0000000732400000| PB 0x0000000732400000| Untracked 
| 403|0x0000000732600000, 0x0000000732600000, 0x0000000732800000|  0%| F|  |TAMS 0x0000000732600000| PB 0x0000000732600000| Untracked 
| 404|0x0000000732800000, 0x0000000732800000, 0x0000000732a00000|  0%| F|  |TAMS 0x0000000732800000| PB 0x0000000732800000| Untracked 
| 405|0x0000000732a00000, 0x0000000732a00000, 0x0000000732c00000|  0%| F|  |TAMS 0x0000000732a00000| PB 0x0000000732a00000| Untracked 
| 406|0x0000000732c00000, 0x0000000732c00000, 0x0000000732e00000|  0%| F|  |TAMS 0x0000000732c00000| PB 0x0000000732c00000| Untracked 
| 407|0x0000000732e00000, 0x0000000732e00000, 0x0000000733000000|  0%| F|  |TAMS 0x0000000732e00000| PB 0x0000000732e00000| Untracked 
| 408|0x0000000733000000, 0x0000000733000000, 0x0000000733200000|  0%| F|  |TAMS 0x0000000733000000| PB 0x0000000733000000| Untracked 
| 409|0x0000000733200000, 0x0000000733200000, 0x0000000733400000|  0%| F|  |TAMS 0x0000000733200000| PB 0x0000000733200000| Untracked 
| 410|0x0000000733400000, 0x0000000733400000, 0x0000000733600000|  0%| F|  |TAMS 0x0000000733400000| PB 0x0000000733400000| Untracked 
| 411|0x0000000733600000, 0x0000000733600000, 0x0000000733800000|  0%| F|  |TAMS 0x0000000733600000| PB 0x0000000733600000| Untracked 
| 412|0x0000000733800000, 0x0000000733800000, 0x0000000733a00000|  0%| F|  |TAMS 0x0000000733800000| PB 0x0000000733800000| Untracked 
| 413|0x0000000733a00000, 0x0000000733a00000, 0x0000000733c00000|  0%| F|  |TAMS 0x0000000733a00000| PB 0x0000000733a00000| Untracked 
| 414|0x0000000733c00000, 0x0000000733c00000, 0x0000000733e00000|  0%| F|  |TAMS 0x0000000733c00000| PB 0x0000000733c00000| Untracked 
| 415|0x0000000733e00000, 0x0000000733e00000, 0x0000000734000000|  0%| F|  |TAMS 0x0000000733e00000| PB 0x0000000733e00000| Untracked 
| 416|0x0000000734000000, 0x0000000734000000, 0x0000000734200000|  0%| F|  |TAMS 0x0000000734000000| PB 0x0000000734000000| Untracked 
| 417|0x0000000734200000, 0x0000000734200000, 0x0000000734400000|  0%| F|  |TAMS 0x0000000734200000| PB 0x0000000734200000| Untracked 
| 418|0x0000000734400000, 0x0000000734400000, 0x0000000734600000|  0%| F|  |TAMS 0x0000000734400000| PB 0x0000000734400000| Untracked 
| 419|0x0000000734600000, 0x0000000734600000, 0x0000000734800000|  0%| F|  |TAMS 0x0000000734600000| PB 0x0000000734600000| Untracked 
| 420|0x0000000734800000, 0x0000000734800000, 0x0000000734a00000|  0%| F|  |TAMS 0x0000000734800000| PB 0x0000000734800000| Untracked 
| 421|0x0000000734a00000, 0x0000000734a00000, 0x0000000734c00000|  0%| F|  |TAMS 0x0000000734a00000| PB 0x0000000734a00000| Untracked 
| 422|0x0000000734c00000, 0x0000000734c00000, 0x0000000734e00000|  0%| F|  |TAMS 0x0000000734c00000| PB 0x0000000734c00000| Untracked 
| 423|0x0000000734e00000, 0x0000000734e00000, 0x0000000735000000|  0%| F|  |TAMS 0x0000000734e00000| PB 0x0000000734e00000| Untracked 
| 424|0x0000000735000000, 0x0000000735000000, 0x0000000735200000|  0%| F|  |TAMS 0x0000000735000000| PB 0x0000000735000000| Untracked 
| 425|0x0000000735200000, 0x0000000735200000, 0x0000000735400000|  0%| F|  |TAMS 0x0000000735200000| PB 0x0000000735200000| Untracked 
| 426|0x0000000735400000, 0x0000000735400000, 0x0000000735600000|  0%| F|  |TAMS 0x0000000735400000| PB 0x0000000735400000| Untracked 
| 427|0x0000000735600000, 0x0000000735600000, 0x0000000735800000|  0%| F|  |TAMS 0x0000000735600000| PB 0x0000000735600000| Untracked 
| 428|0x0000000735800000, 0x0000000735800000, 0x0000000735a00000|  0%| F|  |TAMS 0x0000000735800000| PB 0x0000000735800000| Untracked 
| 429|0x0000000735a00000, 0x0000000735a00000, 0x0000000735c00000|  0%| F|  |TAMS 0x0000000735a00000| PB 0x0000000735a00000| Untracked 
| 430|0x0000000735c00000, 0x0000000735c00000, 0x0000000735e00000|  0%| F|  |TAMS 0x0000000735c00000| PB 0x0000000735c00000| Untracked 
| 431|0x0000000735e00000, 0x0000000735e00000, 0x0000000736000000|  0%| F|  |TAMS 0x0000000735e00000| PB 0x0000000735e00000| Untracked 
| 432|0x0000000736000000, 0x0000000736000000, 0x0000000736200000|  0%| F|  |TAMS 0x0000000736000000| PB 0x0000000736000000| Untracked 
| 433|0x0000000736200000, 0x0000000736200000, 0x0000000736400000|  0%| F|  |TAMS 0x0000000736200000| PB 0x0000000736200000| Untracked 
| 434|0x0000000736400000, 0x0000000736400000, 0x0000000736600000|  0%| F|  |TAMS 0x0000000736400000| PB 0x0000000736400000| Untracked 
| 435|0x0000000736600000, 0x0000000736600000, 0x0000000736800000|  0%| F|  |TAMS 0x0000000736600000| PB 0x0000000736600000| Untracked 
| 436|0x0000000736800000, 0x0000000736800000, 0x0000000736a00000|  0%| F|  |TAMS 0x0000000736800000| PB 0x0000000736800000| Untracked 
| 437|0x0000000736a00000, 0x0000000736a00000, 0x0000000736c00000|  0%| F|  |TAMS 0x0000000736a00000| PB 0x0000000736a00000| Untracked 
| 438|0x0000000736c00000, 0x0000000736c00000, 0x0000000736e00000|  0%| F|  |TAMS 0x0000000736c00000| PB 0x0000000736c00000| Untracked 
| 439|0x0000000736e00000, 0x0000000736e00000, 0x0000000737000000|  0%| F|  |TAMS 0x0000000736e00000| PB 0x0000000736e00000| Untracked 
| 440|0x0000000737000000, 0x0000000737000000, 0x0000000737200000|  0%| F|  |TAMS 0x0000000737000000| PB 0x0000000737000000| Untracked 
| 441|0x0000000737200000, 0x0000000737200000, 0x0000000737400000|  0%| F|  |TAMS 0x0000000737200000| PB 0x0000000737200000| Untracked 
| 442|0x0000000737400000, 0x0000000737400000, 0x0000000737600000|  0%| F|  |TAMS 0x0000000737400000| PB 0x0000000737400000| Untracked 
| 443|0x0000000737600000, 0x0000000737600000, 0x0000000737800000|  0%| F|  |TAMS 0x0000000737600000| PB 0x0000000737600000| Untracked 
| 444|0x0000000737800000, 0x0000000737800000, 0x0000000737a00000|  0%| F|  |TAMS 0x0000000737800000| PB 0x0000000737800000| Untracked 
| 445|0x0000000737a00000, 0x0000000737a00000, 0x0000000737c00000|  0%| F|  |TAMS 0x0000000737a00000| PB 0x0000000737a00000| Untracked 
| 446|0x0000000737c00000, 0x0000000737c00000, 0x0000000737e00000|  0%| F|  |TAMS 0x0000000737c00000| PB 0x0000000737c00000| Untracked 
| 447|0x0000000737e00000, 0x0000000737e00000, 0x0000000738000000|  0%| F|  |TAMS 0x0000000737e00000| PB 0x0000000737e00000| Untracked 
| 448|0x0000000738000000, 0x0000000738000000, 0x0000000738200000|  0%| F|  |TAMS 0x0000000738000000| PB 0x0000000738000000| Untracked 
| 449|0x0000000738200000, 0x0000000738200000, 0x0000000738400000|  0%| F|  |TAMS 0x0000000738200000| PB 0x0000000738200000| Untracked 
| 450|0x0000000738400000, 0x0000000738400000, 0x0000000738600000|  0%| F|  |TAMS 0x0000000738400000| PB 0x0000000738400000| Untracked 
| 451|0x0000000738600000, 0x0000000738600000, 0x0000000738800000|  0%| F|  |TAMS 0x0000000738600000| PB 0x0000000738600000| Untracked 
| 452|0x0000000738800000, 0x0000000738800000, 0x0000000738a00000|  0%| F|  |TAMS 0x0000000738800000| PB 0x0000000738800000| Untracked 
| 453|0x0000000738a00000, 0x0000000738a00000, 0x0000000738c00000|  0%| F|  |TAMS 0x0000000738a00000| PB 0x0000000738a00000| Untracked 
| 454|0x0000000738c00000, 0x0000000738c00000, 0x0000000738e00000|  0%| F|  |TAMS 0x0000000738c00000| PB 0x0000000738c00000| Untracked 
| 455|0x0000000738e00000, 0x0000000738e00000, 0x0000000739000000|  0%| F|  |TAMS 0x0000000738e00000| PB 0x0000000738e00000| Untracked 
| 456|0x0000000739000000, 0x0000000739000000, 0x0000000739200000|  0%| F|  |TAMS 0x0000000739000000| PB 0x0000000739000000| Untracked 
| 457|0x0000000739200000, 0x0000000739200000, 0x0000000739400000|  0%| F|  |TAMS 0x0000000739200000| PB 0x0000000739200000| Untracked 
| 458|0x0000000739400000, 0x0000000739400000, 0x0000000739600000|  0%| F|  |TAMS 0x0000000739400000| PB 0x0000000739400000| Untracked 
| 459|0x0000000739600000, 0x0000000739600000, 0x0000000739800000|  0%| F|  |TAMS 0x0000000739600000| PB 0x0000000739600000| Untracked 
| 460|0x0000000739800000, 0x0000000739800000, 0x0000000739a00000|  0%| F|  |TAMS 0x0000000739800000| PB 0x0000000739800000| Untracked 
| 461|0x0000000739a00000, 0x0000000739a00000, 0x0000000739c00000|  0%| F|  |TAMS 0x0000000739a00000| PB 0x0000000739a00000| Untracked 
| 462|0x0000000739c00000, 0x0000000739c00000, 0x0000000739e00000|  0%| F|  |TAMS 0x0000000739c00000| PB 0x0000000739c00000| Untracked 
| 463|0x0000000739e00000, 0x0000000739e00000, 0x000000073a000000|  0%| F|  |TAMS 0x0000000739e00000| PB 0x0000000739e00000| Untracked 
| 464|0x000000073a000000, 0x000000073a000000, 0x000000073a200000|  0%| F|  |TAMS 0x000000073a000000| PB 0x000000073a000000| Untracked 
| 465|0x000000073a200000, 0x000000073a200000, 0x000000073a400000|  0%| F|  |TAMS 0x000000073a200000| PB 0x000000073a200000| Untracked 
| 466|0x000000073a400000, 0x000000073a400000, 0x000000073a600000|  0%| F|  |TAMS 0x000000073a400000| PB 0x000000073a400000| Untracked 
| 467|0x000000073a600000, 0x000000073a600000, 0x000000073a800000|  0%| F|  |TAMS 0x000000073a600000| PB 0x000000073a600000| Untracked 
| 468|0x000000073a800000, 0x000000073a800000, 0x000000073aa00000|  0%| F|  |TAMS 0x000000073a800000| PB 0x000000073a800000| Untracked 
| 469|0x000000073aa00000, 0x000000073aa00000, 0x000000073ac00000|  0%| F|  |TAMS 0x000000073aa00000| PB 0x000000073aa00000| Untracked 
| 470|0x000000073ac00000, 0x000000073ac00000, 0x000000073ae00000|  0%| F|  |TAMS 0x000000073ac00000| PB 0x000000073ac00000| Untracked 
| 471|0x000000073ae00000, 0x000000073ae00000, 0x000000073b000000|  0%| F|  |TAMS 0x000000073ae00000| PB 0x000000073ae00000| Untracked 
| 472|0x000000073b000000, 0x000000073b000000, 0x000000073b200000|  0%| F|  |TAMS 0x000000073b000000| PB 0x000000073b000000| Untracked 
| 473|0x000000073b200000, 0x000000073b200000, 0x000000073b400000|  0%| F|  |TAMS 0x000000073b200000| PB 0x000000073b200000| Untracked 
| 474|0x000000073b400000, 0x000000073b400000, 0x000000073b600000|  0%| F|  |TAMS 0x000000073b400000| PB 0x000000073b400000| Untracked 
| 475|0x000000073b600000, 0x000000073b600000, 0x000000073b800000|  0%| F|  |TAMS 0x000000073b600000| PB 0x000000073b600000| Untracked 
| 476|0x000000073b800000, 0x000000073b800000, 0x000000073ba00000|  0%| F|  |TAMS 0x000000073b800000| PB 0x000000073b800000| Untracked 
| 477|0x000000073ba00000, 0x000000073ba00000, 0x000000073bc00000|  0%| F|  |TAMS 0x000000073ba00000| PB 0x000000073ba00000| Untracked 
| 478|0x000000073bc00000, 0x000000073bc00000, 0x000000073be00000|  0%| F|  |TAMS 0x000000073bc00000| PB 0x000000073bc00000| Untracked 
| 479|0x000000073be00000, 0x000000073be00000, 0x000000073c000000|  0%| F|  |TAMS 0x000000073be00000| PB 0x000000073be00000| Untracked 
| 480|0x000000073c000000, 0x000000073c000000, 0x000000073c200000|  0%| F|  |TAMS 0x000000073c000000| PB 0x000000073c000000| Untracked 
| 481|0x000000073c200000, 0x000000073c200000, 0x000000073c400000|  0%| F|  |TAMS 0x000000073c200000| PB 0x000000073c200000| Untracked 
| 482|0x000000073c400000, 0x000000073c400000, 0x000000073c600000|  0%| F|  |TAMS 0x000000073c400000| PB 0x000000073c400000| Untracked 
| 483|0x000000073c600000, 0x000000073c600000, 0x000000073c800000|  0%| F|  |TAMS 0x000000073c600000| PB 0x000000073c600000| Untracked 
| 484|0x000000073c800000, 0x000000073c800000, 0x000000073ca00000|  0%| F|  |TAMS 0x000000073c800000| PB 0x000000073c800000| Untracked 
| 485|0x000000073ca00000, 0x000000073ca00000, 0x000000073cc00000|  0%| F|  |TAMS 0x000000073ca00000| PB 0x000000073ca00000| Untracked 
| 486|0x000000073cc00000, 0x000000073cc00000, 0x000000073ce00000|  0%| F|  |TAMS 0x000000073cc00000| PB 0x000000073cc00000| Untracked 
| 487|0x000000073ce00000, 0x000000073ce00000, 0x000000073d000000|  0%| F|  |TAMS 0x000000073ce00000| PB 0x000000073ce00000| Untracked 
| 488|0x000000073d000000, 0x000000073d000000, 0x000000073d200000|  0%| F|  |TAMS 0x000000073d000000| PB 0x000000073d000000| Untracked 
| 489|0x000000073d200000, 0x000000073d200000, 0x000000073d400000|  0%| F|  |TAMS 0x000000073d200000| PB 0x000000073d200000| Untracked 
| 490|0x000000073d400000, 0x000000073d400000, 0x000000073d600000|  0%| F|  |TAMS 0x000000073d400000| PB 0x000000073d400000| Untracked 
| 491|0x000000073d600000, 0x000000073d600000, 0x000000073d800000|  0%| F|  |TAMS 0x000000073d600000| PB 0x000000073d600000| Untracked 
| 492|0x000000073d800000, 0x000000073d800000, 0x000000073da00000|  0%| F|  |TAMS 0x000000073d800000| PB 0x000000073d800000| Untracked 
| 493|0x000000073da00000, 0x000000073da00000, 0x000000073dc00000|  0%| F|  |TAMS 0x000000073da00000| PB 0x000000073da00000| Untracked 
| 494|0x000000073dc00000, 0x000000073dc00000, 0x000000073de00000|  0%| F|  |TAMS 0x000000073dc00000| PB 0x000000073dc00000| Untracked 
| 495|0x000000073de00000, 0x000000073de00000, 0x000000073e000000|  0%| F|  |TAMS 0x000000073de00000| PB 0x000000073de00000| Untracked 
| 496|0x000000073e000000, 0x000000073e000000, 0x000000073e200000|  0%| F|  |TAMS 0x000000073e000000| PB 0x000000073e000000| Untracked 
| 497|0x000000073e200000, 0x000000073e200000, 0x000000073e400000|  0%| F|  |TAMS 0x000000073e200000| PB 0x000000073e200000| Untracked 
| 498|0x000000073e400000, 0x000000073e400000, 0x000000073e600000|  0%| F|  |TAMS 0x000000073e400000| PB 0x000000073e400000| Untracked 
| 499|0x000000073e600000, 0x000000073e600000, 0x000000073e800000|  0%| F|  |TAMS 0x000000073e600000| PB 0x000000073e600000| Untracked 
| 500|0x000000073e800000, 0x000000073e800000, 0x000000073ea00000|  0%| F|  |TAMS 0x000000073e800000| PB 0x000000073e800000| Untracked 
| 501|0x000000073ea00000, 0x000000073ea00000, 0x000000073ec00000|  0%| F|  |TAMS 0x000000073ea00000| PB 0x000000073ea00000| Untracked 
| 502|0x000000073ec00000, 0x000000073ec00000, 0x000000073ee00000|  0%| F|  |TAMS 0x000000073ec00000| PB 0x000000073ec00000| Untracked 
| 503|0x000000073ee00000, 0x000000073ee00000, 0x000000073f000000|  0%| F|  |TAMS 0x000000073ee00000| PB 0x000000073ee00000| Untracked 
| 504|0x000000073f000000, 0x000000073f000000, 0x000000073f200000|  0%| F|  |TAMS 0x000000073f000000| PB 0x000000073f000000| Untracked 
| 505|0x000000073f200000, 0x000000073f200000, 0x000000073f400000|  0%| F|  |TAMS 0x000000073f200000| PB 0x000000073f200000| Untracked 
| 506|0x000000073f400000, 0x000000073f400000, 0x000000073f600000|  0%| F|  |TAMS 0x000000073f400000| PB 0x000000073f400000| Untracked 
| 507|0x000000073f600000, 0x000000073f600000, 0x000000073f800000|  0%| F|  |TAMS 0x000000073f600000| PB 0x000000073f600000| Untracked 
| 508|0x000000073f800000, 0x000000073f800000, 0x000000073fa00000|  0%| F|  |TAMS 0x000000073f800000| PB 0x000000073f800000| Untracked 
| 509|0x000000073fa00000, 0x000000073fa00000, 0x000000073fc00000|  0%| F|  |TAMS 0x000000073fa00000| PB 0x000000073fa00000| Untracked 
| 510|0x000000073fc00000, 0x000000073fc00000, 0x000000073fe00000|  0%| F|  |TAMS 0x000000073fc00000| PB 0x000000073fc00000| Untracked 
| 511|0x000000073fe00000, 0x000000073fe00000, 0x0000000740000000|  0%| F|  |TAMS 0x000000073fe00000| PB 0x000000073fe00000| Untracked 
| 512|0x0000000740000000, 0x0000000740000000, 0x0000000740200000|  0%| F|  |TAMS 0x0000000740000000| PB 0x0000000740000000| Untracked 
| 513|0x0000000740200000, 0x0000000740200000, 0x0000000740400000|  0%| F|  |TAMS 0x0000000740200000| PB 0x0000000740200000| Untracked 
| 514|0x0000000740400000, 0x0000000740400000, 0x0000000740600000|  0%| F|  |TAMS 0x0000000740400000| PB 0x0000000740400000| Untracked 
| 515|0x0000000740600000, 0x0000000740600000, 0x0000000740800000|  0%| F|  |TAMS 0x0000000740600000| PB 0x0000000740600000| Untracked 
| 516|0x0000000740800000, 0x0000000740800000, 0x0000000740a00000|  0%| F|  |TAMS 0x0000000740800000| PB 0x0000000740800000| Untracked 
| 517|0x0000000740a00000, 0x0000000740a00000, 0x0000000740c00000|  0%| F|  |TAMS 0x0000000740a00000| PB 0x0000000740a00000| Untracked 
| 518|0x0000000740c00000, 0x0000000740c00000, 0x0000000740e00000|  0%| F|  |TAMS 0x0000000740c00000| PB 0x0000000740c00000| Untracked 
| 519|0x0000000740e00000, 0x0000000740e00000, 0x0000000741000000|  0%| F|  |TAMS 0x0000000740e00000| PB 0x0000000740e00000| Untracked 
| 520|0x0000000741000000, 0x0000000741000000, 0x0000000741200000|  0%| F|  |TAMS 0x0000000741000000| PB 0x0000000741000000| Untracked 
| 521|0x0000000741200000, 0x0000000741200000, 0x0000000741400000|  0%| F|  |TAMS 0x0000000741200000| PB 0x0000000741200000| Untracked 
| 522|0x0000000741400000, 0x0000000741400000, 0x0000000741600000|  0%| F|  |TAMS 0x0000000741400000| PB 0x0000000741400000| Untracked 
| 523|0x0000000741600000, 0x0000000741600000, 0x0000000741800000|  0%| F|  |TAMS 0x0000000741600000| PB 0x0000000741600000| Untracked 
| 524|0x0000000741800000, 0x0000000741800000, 0x0000000741a00000|  0%| F|  |TAMS 0x0000000741800000| PB 0x0000000741800000| Untracked 
| 525|0x0000000741a00000, 0x0000000741a00000, 0x0000000741c00000|  0%| F|  |TAMS 0x0000000741a00000| PB 0x0000000741a00000| Untracked 
| 526|0x0000000741c00000, 0x0000000741c00000, 0x0000000741e00000|  0%| F|  |TAMS 0x0000000741c00000| PB 0x0000000741c00000| Untracked 
| 527|0x0000000741e00000, 0x0000000741e00000, 0x0000000742000000|  0%| F|  |TAMS 0x0000000741e00000| PB 0x0000000741e00000| Untracked 
| 528|0x0000000742000000, 0x0000000742000000, 0x0000000742200000|  0%| F|  |TAMS 0x0000000742000000| PB 0x0000000742000000| Untracked 
| 529|0x0000000742200000, 0x0000000742200000, 0x0000000742400000|  0%| F|  |TAMS 0x0000000742200000| PB 0x0000000742200000| Untracked 
| 530|0x0000000742400000, 0x0000000742400000, 0x0000000742600000|  0%| F|  |TAMS 0x0000000742400000| PB 0x0000000742400000| Untracked 
| 531|0x0000000742600000, 0x0000000742600000, 0x0000000742800000|  0%| F|  |TAMS 0x0000000742600000| PB 0x0000000742600000| Untracked 
| 532|0x0000000742800000, 0x0000000742800000, 0x0000000742a00000|  0%| F|  |TAMS 0x0000000742800000| PB 0x0000000742800000| Untracked 
| 533|0x0000000742a00000, 0x0000000742a00000, 0x0000000742c00000|  0%| F|  |TAMS 0x0000000742a00000| PB 0x0000000742a00000| Untracked 
| 534|0x0000000742c00000, 0x0000000742c00000, 0x0000000742e00000|  0%| F|  |TAMS 0x0000000742c00000| PB 0x0000000742c00000| Untracked 
| 535|0x0000000742e00000, 0x0000000742e00000, 0x0000000743000000|  0%| F|  |TAMS 0x0000000742e00000| PB 0x0000000742e00000| Untracked 
| 536|0x0000000743000000, 0x0000000743000000, 0x0000000743200000|  0%| F|  |TAMS 0x0000000743000000| PB 0x0000000743000000| Untracked 
| 537|0x0000000743200000, 0x0000000743200000, 0x0000000743400000|  0%| F|  |TAMS 0x0000000743200000| PB 0x0000000743200000| Untracked 
| 538|0x0000000743400000, 0x0000000743400000, 0x0000000743600000|  0%| F|  |TAMS 0x0000000743400000| PB 0x0000000743400000| Untracked 
| 539|0x0000000743600000, 0x0000000743600000, 0x0000000743800000|  0%| F|  |TAMS 0x0000000743600000| PB 0x0000000743600000| Untracked 
| 540|0x0000000743800000, 0x0000000743800000, 0x0000000743a00000|  0%| F|  |TAMS 0x0000000743800000| PB 0x0000000743800000| Untracked 
| 541|0x0000000743a00000, 0x0000000743a00000, 0x0000000743c00000|  0%| F|  |TAMS 0x0000000743a00000| PB 0x0000000743a00000| Untracked 
| 542|0x0000000743c00000, 0x0000000743c00000, 0x0000000743e00000|  0%| F|  |TAMS 0x0000000743c00000| PB 0x0000000743c00000| Untracked 
| 543|0x0000000743e00000, 0x0000000743e00000, 0x0000000744000000|  0%| F|  |TAMS 0x0000000743e00000| PB 0x0000000743e00000| Untracked 
| 544|0x0000000744000000, 0x0000000744000000, 0x0000000744200000|  0%| F|  |TAMS 0x0000000744000000| PB 0x0000000744000000| Untracked 
| 545|0x0000000744200000, 0x0000000744200000, 0x0000000744400000|  0%| F|  |TAMS 0x0000000744200000| PB 0x0000000744200000| Untracked 
| 546|0x0000000744400000, 0x0000000744400000, 0x0000000744600000|  0%| F|  |TAMS 0x0000000744400000| PB 0x0000000744400000| Untracked 
| 547|0x0000000744600000, 0x0000000744600000, 0x0000000744800000|  0%| F|  |TAMS 0x0000000744600000| PB 0x0000000744600000| Untracked 
| 548|0x0000000744800000, 0x0000000744800000, 0x0000000744a00000|  0%| F|  |TAMS 0x0000000744800000| PB 0x0000000744800000| Untracked 
| 549|0x0000000744a00000, 0x0000000744a00000, 0x0000000744c00000|  0%| F|  |TAMS 0x0000000744a00000| PB 0x0000000744a00000| Untracked 
| 550|0x0000000744c00000, 0x0000000744c00000, 0x0000000744e00000|  0%| F|  |TAMS 0x0000000744c00000| PB 0x0000000744c00000| Untracked 
| 551|0x0000000744e00000, 0x0000000744e00000, 0x0000000745000000|  0%| F|  |TAMS 0x0000000744e00000| PB 0x0000000744e00000| Untracked 
| 552|0x0000000745000000, 0x0000000745000000, 0x0000000745200000|  0%| F|  |TAMS 0x0000000745000000| PB 0x0000000745000000| Untracked 
| 553|0x0000000745200000, 0x0000000745200000, 0x0000000745400000|  0%| F|  |TAMS 0x0000000745200000| PB 0x0000000745200000| Untracked 
| 554|0x0000000745400000, 0x0000000745400000, 0x0000000745600000|  0%| F|  |TAMS 0x0000000745400000| PB 0x0000000745400000| Untracked 
| 555|0x0000000745600000, 0x0000000745600000, 0x0000000745800000|  0%| F|  |TAMS 0x0000000745600000| PB 0x0000000745600000| Untracked 
| 556|0x0000000745800000, 0x0000000745800000, 0x0000000745a00000|  0%| F|  |TAMS 0x0000000745800000| PB 0x0000000745800000| Untracked 
| 557|0x0000000745a00000, 0x0000000745a00000, 0x0000000745c00000|  0%| F|  |TAMS 0x0000000745a00000| PB 0x0000000745a00000| Untracked 
| 558|0x0000000745c00000, 0x0000000745c00000, 0x0000000745e00000|  0%| F|  |TAMS 0x0000000745c00000| PB 0x0000000745c00000| Untracked 
| 559|0x0000000745e00000, 0x0000000745e00000, 0x0000000746000000|  0%| F|  |TAMS 0x0000000745e00000| PB 0x0000000745e00000| Untracked 
| 560|0x0000000746000000, 0x0000000746000000, 0x0000000746200000|  0%| F|  |TAMS 0x0000000746000000| PB 0x0000000746000000| Untracked 
| 561|0x0000000746200000, 0x0000000746200000, 0x0000000746400000|  0%| F|  |TAMS 0x0000000746200000| PB 0x0000000746200000| Untracked 
| 562|0x0000000746400000, 0x0000000746400000, 0x0000000746600000|  0%| F|  |TAMS 0x0000000746400000| PB 0x0000000746400000| Untracked 
| 563|0x0000000746600000, 0x0000000746600000, 0x0000000746800000|  0%| F|  |TAMS 0x0000000746600000| PB 0x0000000746600000| Untracked 
| 564|0x0000000746800000, 0x0000000746800000, 0x0000000746a00000|  0%| F|  |TAMS 0x0000000746800000| PB 0x0000000746800000| Untracked 
| 565|0x0000000746a00000, 0x0000000746a00000, 0x0000000746c00000|  0%| F|  |TAMS 0x0000000746a00000| PB 0x0000000746a00000| Untracked 
| 566|0x0000000746c00000, 0x0000000746c00000, 0x0000000746e00000|  0%| F|  |TAMS 0x0000000746c00000| PB 0x0000000746c00000| Untracked 
| 567|0x0000000746e00000, 0x0000000746e00000, 0x0000000747000000|  0%| F|  |TAMS 0x0000000746e00000| PB 0x0000000746e00000| Untracked 
| 568|0x0000000747000000, 0x0000000747000000, 0x0000000747200000|  0%| F|  |TAMS 0x0000000747000000| PB 0x0000000747000000| Untracked 
| 569|0x0000000747200000, 0x0000000747200000, 0x0000000747400000|  0%| F|  |TAMS 0x0000000747200000| PB 0x0000000747200000| Untracked 
| 570|0x0000000747400000, 0x0000000747400000, 0x0000000747600000|  0%| F|  |TAMS 0x0000000747400000| PB 0x0000000747400000| Untracked 
| 571|0x0000000747600000, 0x0000000747600000, 0x0000000747800000|  0%| F|  |TAMS 0x0000000747600000| PB 0x0000000747600000| Untracked 
| 572|0x0000000747800000, 0x0000000747800000, 0x0000000747a00000|  0%| F|  |TAMS 0x0000000747800000| PB 0x0000000747800000| Untracked 
| 573|0x0000000747a00000, 0x0000000747a00000, 0x0000000747c00000|  0%| F|  |TAMS 0x0000000747a00000| PB 0x0000000747a00000| Untracked 
| 574|0x0000000747c00000, 0x0000000747c00000, 0x0000000747e00000|  0%| F|  |TAMS 0x0000000747c00000| PB 0x0000000747c00000| Untracked 
| 575|0x0000000747e00000, 0x0000000747e00000, 0x0000000748000000|  0%| F|  |TAMS 0x0000000747e00000| PB 0x0000000747e00000| Untracked 
| 576|0x0000000748000000, 0x0000000748000000, 0x0000000748200000|  0%| F|  |TAMS 0x0000000748000000| PB 0x0000000748000000| Untracked 
| 577|0x0000000748200000, 0x0000000748200000, 0x0000000748400000|  0%| F|  |TAMS 0x0000000748200000| PB 0x0000000748200000| Untracked 
| 578|0x0000000748400000, 0x0000000748400000, 0x0000000748600000|  0%| F|  |TAMS 0x0000000748400000| PB 0x0000000748400000| Untracked 
| 579|0x0000000748600000, 0x0000000748600000, 0x0000000748800000|  0%| F|  |TAMS 0x0000000748600000| PB 0x0000000748600000| Untracked 
| 580|0x0000000748800000, 0x0000000748800000, 0x0000000748a00000|  0%| F|  |TAMS 0x0000000748800000| PB 0x0000000748800000| Untracked 
| 581|0x0000000748a00000, 0x0000000748a00000, 0x0000000748c00000|  0%| F|  |TAMS 0x0000000748a00000| PB 0x0000000748a00000| Untracked 
| 582|0x0000000748c00000, 0x0000000748c00000, 0x0000000748e00000|  0%| F|  |TAMS 0x0000000748c00000| PB 0x0000000748c00000| Untracked 
| 583|0x0000000748e00000, 0x0000000748e00000, 0x0000000749000000|  0%| F|  |TAMS 0x0000000748e00000| PB 0x0000000748e00000| Untracked 
| 584|0x0000000749000000, 0x0000000749000000, 0x0000000749200000|  0%| F|  |TAMS 0x0000000749000000| PB 0x0000000749000000| Untracked 
| 585|0x0000000749200000, 0x0000000749200000, 0x0000000749400000|  0%| F|  |TAMS 0x0000000749200000| PB 0x0000000749200000| Untracked 
| 586|0x0000000749400000, 0x0000000749400000, 0x0000000749600000|  0%| F|  |TAMS 0x0000000749400000| PB 0x0000000749400000| Untracked 
| 587|0x0000000749600000, 0x0000000749600000, 0x0000000749800000|  0%| F|  |TAMS 0x0000000749600000| PB 0x0000000749600000| Untracked 
| 588|0x0000000749800000, 0x0000000749800000, 0x0000000749a00000|  0%| F|  |TAMS 0x0000000749800000| PB 0x0000000749800000| Untracked 
| 589|0x0000000749a00000, 0x0000000749a00000, 0x0000000749c00000|  0%| F|  |TAMS 0x0000000749a00000| PB 0x0000000749a00000| Untracked 
| 590|0x0000000749c00000, 0x0000000749c00000, 0x0000000749e00000|  0%| F|  |TAMS 0x0000000749c00000| PB 0x0000000749c00000| Untracked 
| 591|0x0000000749e00000, 0x0000000749e00000, 0x000000074a000000|  0%| F|  |TAMS 0x0000000749e00000| PB 0x0000000749e00000| Untracked 
| 592|0x000000074a000000, 0x000000074a000000, 0x000000074a200000|  0%| F|  |TAMS 0x000000074a000000| PB 0x000000074a000000| Untracked 
| 593|0x000000074a200000, 0x000000074a200000, 0x000000074a400000|  0%| F|  |TAMS 0x000000074a200000| PB 0x000000074a200000| Untracked 
| 594|0x000000074a400000, 0x000000074a400000, 0x000000074a600000|  0%| F|  |TAMS 0x000000074a400000| PB 0x000000074a400000| Untracked 
| 595|0x000000074a600000, 0x000000074a600000, 0x000000074a800000|  0%| F|  |TAMS 0x000000074a600000| PB 0x000000074a600000| Untracked 
| 596|0x000000074a800000, 0x000000074a800000, 0x000000074aa00000|  0%| F|  |TAMS 0x000000074a800000| PB 0x000000074a800000| Untracked 
| 597|0x000000074aa00000, 0x000000074aa00000, 0x000000074ac00000|  0%| F|  |TAMS 0x000000074aa00000| PB 0x000000074aa00000| Untracked 
| 598|0x000000074ac00000, 0x000000074ac00000, 0x000000074ae00000|  0%| F|  |TAMS 0x000000074ac00000| PB 0x000000074ac00000| Untracked 
| 599|0x000000074ae00000, 0x000000074ae00000, 0x000000074b000000|  0%| F|  |TAMS 0x000000074ae00000| PB 0x000000074ae00000| Untracked 
| 600|0x000000074b000000, 0x000000074b000000, 0x000000074b200000|  0%| F|  |TAMS 0x000000074b000000| PB 0x000000074b000000| Untracked 
| 601|0x000000074b200000, 0x000000074b200000, 0x000000074b400000|  0%| F|  |TAMS 0x000000074b200000| PB 0x000000074b200000| Untracked 
| 602|0x000000074b400000, 0x000000074b400000, 0x000000074b600000|  0%| F|  |TAMS 0x000000074b400000| PB 0x000000074b400000| Untracked 
| 603|0x000000074b600000, 0x000000074b600000, 0x000000074b800000|  0%| F|  |TAMS 0x000000074b600000| PB 0x000000074b600000| Untracked 
| 604|0x000000074b800000, 0x000000074b800000, 0x000000074ba00000|  0%| F|  |TAMS 0x000000074b800000| PB 0x000000074b800000| Untracked 
| 605|0x000000074ba00000, 0x000000074ba00000, 0x000000074bc00000|  0%| F|  |TAMS 0x000000074ba00000| PB 0x000000074ba00000| Untracked 
| 606|0x000000074bc00000, 0x000000074bc00000, 0x000000074be00000|  0%| F|  |TAMS 0x000000074bc00000| PB 0x000000074bc00000| Untracked 
| 607|0x000000074be00000, 0x000000074be00000, 0x000000074c000000|  0%| F|  |TAMS 0x000000074be00000| PB 0x000000074be00000| Untracked 
| 608|0x000000074c000000, 0x000000074c000000, 0x000000074c200000|  0%| F|  |TAMS 0x000000074c000000| PB 0x000000074c000000| Untracked 
| 609|0x000000074c200000, 0x000000074c200000, 0x000000074c400000|  0%| F|  |TAMS 0x000000074c200000| PB 0x000000074c200000| Untracked 
| 610|0x000000074c400000, 0x000000074c400000, 0x000000074c600000|  0%| F|  |TAMS 0x000000074c400000| PB 0x000000074c400000| Untracked 
| 611|0x000000074c600000, 0x000000074c600000, 0x000000074c800000|  0%| F|  |TAMS 0x000000074c600000| PB 0x000000074c600000| Untracked 
| 612|0x000000074c800000, 0x000000074c800000, 0x000000074ca00000|  0%| F|  |TAMS 0x000000074c800000| PB 0x000000074c800000| Untracked 
| 613|0x000000074ca00000, 0x000000074ca00000, 0x000000074cc00000|  0%| F|  |TAMS 0x000000074ca00000| PB 0x000000074ca00000| Untracked 
| 614|0x000000074cc00000, 0x000000074cc00000, 0x000000074ce00000|  0%| F|  |TAMS 0x000000074cc00000| PB 0x000000074cc00000| Untracked 
| 615|0x000000074ce00000, 0x000000074ce00000, 0x000000074d000000|  0%| F|  |TAMS 0x000000074ce00000| PB 0x000000074ce00000| Untracked 
| 616|0x000000074d000000, 0x000000074d000000, 0x000000074d200000|  0%| F|  |TAMS 0x000000074d000000| PB 0x000000074d000000| Untracked 
| 617|0x000000074d200000, 0x000000074d200000, 0x000000074d400000|  0%| F|  |TAMS 0x000000074d200000| PB 0x000000074d200000| Untracked 
| 618|0x000000074d400000, 0x000000074d400000, 0x000000074d600000|  0%| F|  |TAMS 0x000000074d400000| PB 0x000000074d400000| Untracked 
| 619|0x000000074d600000, 0x000000074d600000, 0x000000074d800000|  0%| F|  |TAMS 0x000000074d600000| PB 0x000000074d600000| Untracked 
| 620|0x000000074d800000, 0x000000074d800000, 0x000000074da00000|  0%| F|  |TAMS 0x000000074d800000| PB 0x000000074d800000| Untracked 
| 621|0x000000074da00000, 0x000000074da00000, 0x000000074dc00000|  0%| F|  |TAMS 0x000000074da00000| PB 0x000000074da00000| Untracked 
| 622|0x000000074dc00000, 0x000000074dc00000, 0x000000074de00000|  0%| F|  |TAMS 0x000000074dc00000| PB 0x000000074dc00000| Untracked 
| 623|0x000000074de00000, 0x000000074de00000, 0x000000074e000000|  0%| F|  |TAMS 0x000000074de00000| PB 0x000000074de00000| Untracked 
| 624|0x000000074e000000, 0x000000074e000000, 0x000000074e200000|  0%| F|  |TAMS 0x000000074e000000| PB 0x000000074e000000| Untracked 
| 625|0x000000074e200000, 0x000000074e200000, 0x000000074e400000|  0%| F|  |TAMS 0x000000074e200000| PB 0x000000074e200000| Untracked 
| 626|0x000000074e400000, 0x000000074e400000, 0x000000074e600000|  0%| F|  |TAMS 0x000000074e400000| PB 0x000000074e400000| Untracked 
| 627|0x000000074e600000, 0x000000074e600000, 0x000000074e800000|  0%| F|  |TAMS 0x000000074e600000| PB 0x000000074e600000| Untracked 
| 628|0x000000074e800000, 0x000000074e800000, 0x000000074ea00000|  0%| F|  |TAMS 0x000000074e800000| PB 0x000000074e800000| Untracked 
| 629|0x000000074ea00000, 0x000000074ea00000, 0x000000074ec00000|  0%| F|  |TAMS 0x000000074ea00000| PB 0x000000074ea00000| Untracked 
| 630|0x000000074ec00000, 0x000000074ec00000, 0x000000074ee00000|  0%| F|  |TAMS 0x000000074ec00000| PB 0x000000074ec00000| Untracked 
| 631|0x000000074ee00000, 0x000000074ee00000, 0x000000074f000000|  0%| F|  |TAMS 0x000000074ee00000| PB 0x000000074ee00000| Untracked 
| 632|0x000000074f000000, 0x000000074f000000, 0x000000074f200000|  0%| F|  |TAMS 0x000000074f000000| PB 0x000000074f000000| Untracked 
| 633|0x000000074f200000, 0x000000074f200000, 0x000000074f400000|  0%| F|  |TAMS 0x000000074f200000| PB 0x000000074f200000| Untracked 
| 634|0x000000074f400000, 0x000000074f400000, 0x000000074f600000|  0%| F|  |TAMS 0x000000074f400000| PB 0x000000074f400000| Untracked 
| 635|0x000000074f600000, 0x000000074f600000, 0x000000074f800000|  0%| F|  |TAMS 0x000000074f600000| PB 0x000000074f600000| Untracked 
| 636|0x000000074f800000, 0x000000074f800000, 0x000000074fa00000|  0%| F|  |TAMS 0x000000074f800000| PB 0x000000074f800000| Untracked 
| 637|0x000000074fa00000, 0x000000074fa00000, 0x000000074fc00000|  0%| F|  |TAMS 0x000000074fa00000| PB 0x000000074fa00000| Untracked 
| 638|0x000000074fc00000, 0x000000074fc00000, 0x000000074fe00000|  0%| F|  |TAMS 0x000000074fc00000| PB 0x000000074fc00000| Untracked 
| 639|0x000000074fe00000, 0x000000074fe00000, 0x0000000750000000|  0%| F|  |TAMS 0x000000074fe00000| PB 0x000000074fe00000| Untracked 
| 640|0x0000000750000000, 0x0000000750000000, 0x0000000750200000|  0%| F|  |TAMS 0x0000000750000000| PB 0x0000000750000000| Untracked 
| 641|0x0000000750200000, 0x0000000750200000, 0x0000000750400000|  0%| F|  |TAMS 0x0000000750200000| PB 0x0000000750200000| Untracked 
| 642|0x0000000750400000, 0x0000000750400000, 0x0000000750600000|  0%| F|  |TAMS 0x0000000750400000| PB 0x0000000750400000| Untracked 
| 643|0x0000000750600000, 0x0000000750600000, 0x0000000750800000|  0%| F|  |TAMS 0x0000000750600000| PB 0x0000000750600000| Untracked 
| 644|0x0000000750800000, 0x0000000750800000, 0x0000000750a00000|  0%| F|  |TAMS 0x0000000750800000| PB 0x0000000750800000| Untracked 
| 645|0x0000000750a00000, 0x0000000750a00000, 0x0000000750c00000|  0%| F|  |TAMS 0x0000000750a00000| PB 0x0000000750a00000| Untracked 
| 646|0x0000000750c00000, 0x0000000750c00000, 0x0000000750e00000|  0%| F|  |TAMS 0x0000000750c00000| PB 0x0000000750c00000| Untracked 
| 647|0x0000000750e00000, 0x0000000750e00000, 0x0000000751000000|  0%| F|  |TAMS 0x0000000750e00000| PB 0x0000000750e00000| Untracked 
| 648|0x0000000751000000, 0x0000000751000000, 0x0000000751200000|  0%| F|  |TAMS 0x0000000751000000| PB 0x0000000751000000| Untracked 
| 649|0x0000000751200000, 0x0000000751200000, 0x0000000751400000|  0%| F|  |TAMS 0x0000000751200000| PB 0x0000000751200000| Untracked 
| 650|0x0000000751400000, 0x0000000751400000, 0x0000000751600000|  0%| F|  |TAMS 0x0000000751400000| PB 0x0000000751400000| Untracked 
| 651|0x0000000751600000, 0x0000000751600000, 0x0000000751800000|  0%| F|  |TAMS 0x0000000751600000| PB 0x0000000751600000| Untracked 
| 652|0x0000000751800000, 0x0000000751800000, 0x0000000751a00000|  0%| F|  |TAMS 0x0000000751800000| PB 0x0000000751800000| Untracked 
| 653|0x0000000751a00000, 0x0000000751a00000, 0x0000000751c00000|  0%| F|  |TAMS 0x0000000751a00000| PB 0x0000000751a00000| Untracked 
| 654|0x0000000751c00000, 0x0000000751c00000, 0x0000000751e00000|  0%| F|  |TAMS 0x0000000751c00000| PB 0x0000000751c00000| Untracked 
| 655|0x0000000751e00000, 0x0000000751e00000, 0x0000000752000000|  0%| F|  |TAMS 0x0000000751e00000| PB 0x0000000751e00000| Untracked 
| 656|0x0000000752000000, 0x0000000752000000, 0x0000000752200000|  0%| F|  |TAMS 0x0000000752000000| PB 0x0000000752000000| Untracked 
| 657|0x0000000752200000, 0x0000000752200000, 0x0000000752400000|  0%| F|  |TAMS 0x0000000752200000| PB 0x0000000752200000| Untracked 
| 658|0x0000000752400000, 0x0000000752400000, 0x0000000752600000|  0%| F|  |TAMS 0x0000000752400000| PB 0x0000000752400000| Untracked 
| 659|0x0000000752600000, 0x0000000752600000, 0x0000000752800000|  0%| F|  |TAMS 0x0000000752600000| PB 0x0000000752600000| Untracked 
| 660|0x0000000752800000, 0x0000000752800000, 0x0000000752a00000|  0%| F|  |TAMS 0x0000000752800000| PB 0x0000000752800000| Untracked 
| 661|0x0000000752a00000, 0x0000000752a00000, 0x0000000752c00000|  0%| F|  |TAMS 0x0000000752a00000| PB 0x0000000752a00000| Untracked 
| 662|0x0000000752c00000, 0x0000000752c00000, 0x0000000752e00000|  0%| F|  |TAMS 0x0000000752c00000| PB 0x0000000752c00000| Untracked 
| 663|0x0000000752e00000, 0x0000000752e00000, 0x0000000753000000|  0%| F|  |TAMS 0x0000000752e00000| PB 0x0000000752e00000| Untracked 
| 664|0x0000000753000000, 0x0000000753000000, 0x0000000753200000|  0%| F|  |TAMS 0x0000000753000000| PB 0x0000000753000000| Untracked 
| 665|0x0000000753200000, 0x0000000753200000, 0x0000000753400000|  0%| F|  |TAMS 0x0000000753200000| PB 0x0000000753200000| Untracked 
| 666|0x0000000753400000, 0x0000000753400000, 0x0000000753600000|  0%| F|  |TAMS 0x0000000753400000| PB 0x0000000753400000| Untracked 
| 667|0x0000000753600000, 0x0000000753600000, 0x0000000753800000|  0%| F|  |TAMS 0x0000000753600000| PB 0x0000000753600000| Untracked 
| 668|0x0000000753800000, 0x0000000753800000, 0x0000000753a00000|  0%| F|  |TAMS 0x0000000753800000| PB 0x0000000753800000| Untracked 
| 669|0x0000000753a00000, 0x0000000753a00000, 0x0000000753c00000|  0%| F|  |TAMS 0x0000000753a00000| PB 0x0000000753a00000| Untracked 
| 670|0x0000000753c00000, 0x0000000753c00000, 0x0000000753e00000|  0%| F|  |TAMS 0x0000000753c00000| PB 0x0000000753c00000| Untracked 
| 671|0x0000000753e00000, 0x0000000753e00000, 0x0000000754000000|  0%| F|  |TAMS 0x0000000753e00000| PB 0x0000000753e00000| Untracked 
| 672|0x0000000754000000, 0x0000000754000000, 0x0000000754200000|  0%| F|  |TAMS 0x0000000754000000| PB 0x0000000754000000| Untracked 
| 673|0x0000000754200000, 0x0000000754200000, 0x0000000754400000|  0%| F|  |TAMS 0x0000000754200000| PB 0x0000000754200000| Untracked 
| 674|0x0000000754400000, 0x0000000754400000, 0x0000000754600000|  0%| F|  |TAMS 0x0000000754400000| PB 0x0000000754400000| Untracked 
| 675|0x0000000754600000, 0x0000000754600000, 0x0000000754800000|  0%| F|  |TAMS 0x0000000754600000| PB 0x0000000754600000| Untracked 
| 676|0x0000000754800000, 0x0000000754800000, 0x0000000754a00000|  0%| F|  |TAMS 0x0000000754800000| PB 0x0000000754800000| Untracked 
| 677|0x0000000754a00000, 0x0000000754a00000, 0x0000000754c00000|  0%| F|  |TAMS 0x0000000754a00000| PB 0x0000000754a00000| Untracked 
| 678|0x0000000754c00000, 0x0000000754c00000, 0x0000000754e00000|  0%| F|  |TAMS 0x0000000754c00000| PB 0x0000000754c00000| Untracked 
| 679|0x0000000754e00000, 0x0000000754e00000, 0x0000000755000000|  0%| F|  |TAMS 0x0000000754e00000| PB 0x0000000754e00000| Untracked 
| 680|0x0000000755000000, 0x0000000755000000, 0x0000000755200000|  0%| F|  |TAMS 0x0000000755000000| PB 0x0000000755000000| Untracked 
| 681|0x0000000755200000, 0x0000000755200000, 0x0000000755400000|  0%| F|  |TAMS 0x0000000755200000| PB 0x0000000755200000| Untracked 
| 682|0x0000000755400000, 0x0000000755400000, 0x0000000755600000|  0%| F|  |TAMS 0x0000000755400000| PB 0x0000000755400000| Untracked 
| 683|0x0000000755600000, 0x0000000755600000, 0x0000000755800000|  0%| F|  |TAMS 0x0000000755600000| PB 0x0000000755600000| Untracked 
| 684|0x0000000755800000, 0x0000000755800000, 0x0000000755a00000|  0%| F|  |TAMS 0x0000000755800000| PB 0x0000000755800000| Untracked 
| 685|0x0000000755a00000, 0x0000000755a00000, 0x0000000755c00000|  0%| F|  |TAMS 0x0000000755a00000| PB 0x0000000755a00000| Untracked 
| 686|0x0000000755c00000, 0x0000000755c00000, 0x0000000755e00000|  0%| F|  |TAMS 0x0000000755c00000| PB 0x0000000755c00000| Untracked 
| 687|0x0000000755e00000, 0x0000000755e00000, 0x0000000756000000|  0%| F|  |TAMS 0x0000000755e00000| PB 0x0000000755e00000| Untracked 
| 688|0x0000000756000000, 0x0000000756000000, 0x0000000756200000|  0%| F|  |TAMS 0x0000000756000000| PB 0x0000000756000000| Untracked 
| 689|0x0000000756200000, 0x0000000756200000, 0x0000000756400000|  0%| F|  |TAMS 0x0000000756200000| PB 0x0000000756200000| Untracked 
| 690|0x0000000756400000, 0x0000000756400000, 0x0000000756600000|  0%| F|  |TAMS 0x0000000756400000| PB 0x0000000756400000| Untracked 
| 691|0x0000000756600000, 0x0000000756600000, 0x0000000756800000|  0%| F|  |TAMS 0x0000000756600000| PB 0x0000000756600000| Untracked 
| 692|0x0000000756800000, 0x0000000756800000, 0x0000000756a00000|  0%| F|  |TAMS 0x0000000756800000| PB 0x0000000756800000| Untracked 
| 693|0x0000000756a00000, 0x0000000756a00000, 0x0000000756c00000|  0%| F|  |TAMS 0x0000000756a00000| PB 0x0000000756a00000| Untracked 
| 694|0x0000000756c00000, 0x0000000756c00000, 0x0000000756e00000|  0%| F|  |TAMS 0x0000000756c00000| PB 0x0000000756c00000| Untracked 
| 695|0x0000000756e00000, 0x0000000756e00000, 0x0000000757000000|  0%| F|  |TAMS 0x0000000756e00000| PB 0x0000000756e00000| Untracked 
| 696|0x0000000757000000, 0x0000000757000000, 0x0000000757200000|  0%| F|  |TAMS 0x0000000757000000| PB 0x0000000757000000| Untracked 
| 697|0x0000000757200000, 0x0000000757200000, 0x0000000757400000|  0%| F|  |TAMS 0x0000000757200000| PB 0x0000000757200000| Untracked 
| 698|0x0000000757400000, 0x0000000757400000, 0x0000000757600000|  0%| F|  |TAMS 0x0000000757400000| PB 0x0000000757400000| Untracked 
| 699|0x0000000757600000, 0x0000000757600000, 0x0000000757800000|  0%| F|  |TAMS 0x0000000757600000| PB 0x0000000757600000| Untracked 
| 700|0x0000000757800000, 0x0000000757800000, 0x0000000757a00000|  0%| F|  |TAMS 0x0000000757800000| PB 0x0000000757800000| Untracked 
| 701|0x0000000757a00000, 0x0000000757a00000, 0x0000000757c00000|  0%| F|  |TAMS 0x0000000757a00000| PB 0x0000000757a00000| Untracked 
| 702|0x0000000757c00000, 0x0000000757c00000, 0x0000000757e00000|  0%| F|  |TAMS 0x0000000757c00000| PB 0x0000000757c00000| Untracked 
| 703|0x0000000757e00000, 0x0000000757e00000, 0x0000000758000000|  0%| F|  |TAMS 0x0000000757e00000| PB 0x0000000757e00000| Untracked 
| 704|0x0000000758000000, 0x0000000758000000, 0x0000000758200000|  0%| F|  |TAMS 0x0000000758000000| PB 0x0000000758000000| Untracked 
| 705|0x0000000758200000, 0x0000000758200000, 0x0000000758400000|  0%| F|  |TAMS 0x0000000758200000| PB 0x0000000758200000| Untracked 
| 706|0x0000000758400000, 0x0000000758400000, 0x0000000758600000|  0%| F|  |TAMS 0x0000000758400000| PB 0x0000000758400000| Untracked 
| 707|0x0000000758600000, 0x0000000758600000, 0x0000000758800000|  0%| F|  |TAMS 0x0000000758600000| PB 0x0000000758600000| Untracked 
| 708|0x0000000758800000, 0x0000000758800000, 0x0000000758a00000|  0%| F|  |TAMS 0x0000000758800000| PB 0x0000000758800000| Untracked 
| 709|0x0000000758a00000, 0x0000000758a00000, 0x0000000758c00000|  0%| F|  |TAMS 0x0000000758a00000| PB 0x0000000758a00000| Untracked 
| 710|0x0000000758c00000, 0x0000000758c00000, 0x0000000758e00000|  0%| F|  |TAMS 0x0000000758c00000| PB 0x0000000758c00000| Untracked 
| 711|0x0000000758e00000, 0x0000000758e00000, 0x0000000759000000|  0%| F|  |TAMS 0x0000000758e00000| PB 0x0000000758e00000| Untracked 
| 712|0x0000000759000000, 0x0000000759000000, 0x0000000759200000|  0%| F|  |TAMS 0x0000000759000000| PB 0x0000000759000000| Untracked 
| 713|0x0000000759200000, 0x0000000759200000, 0x0000000759400000|  0%| F|  |TAMS 0x0000000759200000| PB 0x0000000759200000| Untracked 
| 714|0x0000000759400000, 0x0000000759400000, 0x0000000759600000|  0%| F|  |TAMS 0x0000000759400000| PB 0x0000000759400000| Untracked 
| 715|0x0000000759600000, 0x0000000759600000, 0x0000000759800000|  0%| F|  |TAMS 0x0000000759600000| PB 0x0000000759600000| Untracked 
| 716|0x0000000759800000, 0x0000000759800000, 0x0000000759a00000|  0%| F|  |TAMS 0x0000000759800000| PB 0x0000000759800000| Untracked 
| 717|0x0000000759a00000, 0x0000000759a00000, 0x0000000759c00000|  0%| F|  |TAMS 0x0000000759a00000| PB 0x0000000759a00000| Untracked 
| 718|0x0000000759c00000, 0x0000000759c00000, 0x0000000759e00000|  0%| F|  |TAMS 0x0000000759c00000| PB 0x0000000759c00000| Untracked 
| 719|0x0000000759e00000, 0x0000000759e00000, 0x000000075a000000|  0%| F|  |TAMS 0x0000000759e00000| PB 0x0000000759e00000| Untracked 
| 720|0x000000075a000000, 0x000000075a000000, 0x000000075a200000|  0%| F|  |TAMS 0x000000075a000000| PB 0x000000075a000000| Untracked 
| 721|0x000000075a200000, 0x000000075a200000, 0x000000075a400000|  0%| F|  |TAMS 0x000000075a200000| PB 0x000000075a200000| Untracked 
| 722|0x000000075a400000, 0x000000075a400000, 0x000000075a600000|  0%| F|  |TAMS 0x000000075a400000| PB 0x000000075a400000| Untracked 
| 723|0x000000075a600000, 0x000000075a600000, 0x000000075a800000|  0%| F|  |TAMS 0x000000075a600000| PB 0x000000075a600000| Untracked 
| 724|0x000000075a800000, 0x000000075a800000, 0x000000075aa00000|  0%| F|  |TAMS 0x000000075a800000| PB 0x000000075a800000| Untracked 
| 725|0x000000075aa00000, 0x000000075aa00000, 0x000000075ac00000|  0%| F|  |TAMS 0x000000075aa00000| PB 0x000000075aa00000| Untracked 
| 726|0x000000075ac00000, 0x000000075ac00000, 0x000000075ae00000|  0%| F|  |TAMS 0x000000075ac00000| PB 0x000000075ac00000| Untracked 
| 727|0x000000075ae00000, 0x000000075ae00000, 0x000000075b000000|  0%| F|  |TAMS 0x000000075ae00000| PB 0x000000075ae00000| Untracked 
| 728|0x000000075b000000, 0x000000075b000000, 0x000000075b200000|  0%| F|  |TAMS 0x000000075b000000| PB 0x000000075b000000| Untracked 
| 729|0x000000075b200000, 0x000000075b200000, 0x000000075b400000|  0%| F|  |TAMS 0x000000075b200000| PB 0x000000075b200000| Untracked 
| 730|0x000000075b400000, 0x000000075b400000, 0x000000075b600000|  0%| F|  |TAMS 0x000000075b400000| PB 0x000000075b400000| Untracked 
| 731|0x000000075b600000, 0x000000075b600000, 0x000000075b800000|  0%| F|  |TAMS 0x000000075b600000| PB 0x000000075b600000| Untracked 
| 732|0x000000075b800000, 0x000000075b800000, 0x000000075ba00000|  0%| F|  |TAMS 0x000000075b800000| PB 0x000000075b800000| Untracked 
| 733|0x000000075ba00000, 0x000000075ba00000, 0x000000075bc00000|  0%| F|  |TAMS 0x000000075ba00000| PB 0x000000075ba00000| Untracked 
| 734|0x000000075bc00000, 0x000000075bc00000, 0x000000075be00000|  0%| F|  |TAMS 0x000000075bc00000| PB 0x000000075bc00000| Untracked 
| 735|0x000000075be00000, 0x000000075be00000, 0x000000075c000000|  0%| F|  |TAMS 0x000000075be00000| PB 0x000000075be00000| Untracked 
| 736|0x000000075c000000, 0x000000075c000000, 0x000000075c200000|  0%| F|  |TAMS 0x000000075c000000| PB 0x000000075c000000| Untracked 
| 737|0x000000075c200000, 0x000000075c200000, 0x000000075c400000|  0%| F|  |TAMS 0x000000075c200000| PB 0x000000075c200000| Untracked 
| 738|0x000000075c400000, 0x000000075c400000, 0x000000075c600000|  0%| F|  |TAMS 0x000000075c400000| PB 0x000000075c400000| Untracked 
| 739|0x000000075c600000, 0x000000075c600000, 0x000000075c800000|  0%| F|  |TAMS 0x000000075c600000| PB 0x000000075c600000| Untracked 
| 740|0x000000075c800000, 0x000000075c800000, 0x000000075ca00000|  0%| F|  |TAMS 0x000000075c800000| PB 0x000000075c800000| Untracked 
| 741|0x000000075ca00000, 0x000000075ca00000, 0x000000075cc00000|  0%| F|  |TAMS 0x000000075ca00000| PB 0x000000075ca00000| Untracked 
| 742|0x000000075cc00000, 0x000000075cc00000, 0x000000075ce00000|  0%| F|  |TAMS 0x000000075cc00000| PB 0x000000075cc00000| Untracked 
| 743|0x000000075ce00000, 0x000000075ce00000, 0x000000075d000000|  0%| F|  |TAMS 0x000000075ce00000| PB 0x000000075ce00000| Untracked 
| 744|0x000000075d000000, 0x000000075d000000, 0x000000075d200000|  0%| F|  |TAMS 0x000000075d000000| PB 0x000000075d000000| Untracked 
| 745|0x000000075d200000, 0x000000075d200000, 0x000000075d400000|  0%| F|  |TAMS 0x000000075d200000| PB 0x000000075d200000| Untracked 
| 746|0x000000075d400000, 0x000000075d400000, 0x000000075d600000|  0%| F|  |TAMS 0x000000075d400000| PB 0x000000075d400000| Untracked 
| 747|0x000000075d600000, 0x000000075d600000, 0x000000075d800000|  0%| F|  |TAMS 0x000000075d600000| PB 0x000000075d600000| Untracked 
| 748|0x000000075d800000, 0x000000075d800000, 0x000000075da00000|  0%| F|  |TAMS 0x000000075d800000| PB 0x000000075d800000| Untracked 
| 749|0x000000075da00000, 0x000000075da00000, 0x000000075dc00000|  0%| F|  |TAMS 0x000000075da00000| PB 0x000000075da00000| Untracked 
| 750|0x000000075dc00000, 0x000000075dc00000, 0x000000075de00000|  0%| F|  |TAMS 0x000000075dc00000| PB 0x000000075dc00000| Untracked 
| 751|0x000000075de00000, 0x000000075de00000, 0x000000075e000000|  0%| F|  |TAMS 0x000000075de00000| PB 0x000000075de00000| Untracked 
| 752|0x000000075e000000, 0x000000075e000000, 0x000000075e200000|  0%| F|  |TAMS 0x000000075e000000| PB 0x000000075e000000| Untracked 
| 753|0x000000075e200000, 0x000000075e200000, 0x000000075e400000|  0%| F|  |TAMS 0x000000075e200000| PB 0x000000075e200000| Untracked 
| 754|0x000000075e400000, 0x000000075e400000, 0x000000075e600000|  0%| F|  |TAMS 0x000000075e400000| PB 0x000000075e400000| Untracked 
| 755|0x000000075e600000, 0x000000075e600000, 0x000000075e800000|  0%| F|  |TAMS 0x000000075e600000| PB 0x000000075e600000| Untracked 
| 756|0x000000075e800000, 0x000000075e800000, 0x000000075ea00000|  0%| F|  |TAMS 0x000000075e800000| PB 0x000000075e800000| Untracked 
| 757|0x000000075ea00000, 0x000000075ea00000, 0x000000075ec00000|  0%| F|  |TAMS 0x000000075ea00000| PB 0x000000075ea00000| Untracked 
| 758|0x000000075ec00000, 0x000000075ec00000, 0x000000075ee00000|  0%| F|  |TAMS 0x000000075ec00000| PB 0x000000075ec00000| Untracked 
| 759|0x000000075ee00000, 0x000000075ee00000, 0x000000075f000000|  0%| F|  |TAMS 0x000000075ee00000| PB 0x000000075ee00000| Untracked 
| 760|0x000000075f000000, 0x000000075f000000, 0x000000075f200000|  0%| F|  |TAMS 0x000000075f000000| PB 0x000000075f000000| Untracked 
| 761|0x000000075f200000, 0x000000075f200000, 0x000000075f400000|  0%| F|  |TAMS 0x000000075f200000| PB 0x000000075f200000| Untracked 
| 762|0x000000075f400000, 0x000000075f400000, 0x000000075f600000|  0%| F|  |TAMS 0x000000075f400000| PB 0x000000075f400000| Untracked 
| 763|0x000000075f600000, 0x000000075f600000, 0x000000075f800000|  0%| F|  |TAMS 0x000000075f600000| PB 0x000000075f600000| Untracked 
| 764|0x000000075f800000, 0x000000075f800000, 0x000000075fa00000|  0%| F|  |TAMS 0x000000075f800000| PB 0x000000075f800000| Untracked 
| 765|0x000000075fa00000, 0x000000075fa00000, 0x000000075fc00000|  0%| F|  |TAMS 0x000000075fa00000| PB 0x000000075fa00000| Untracked 
| 766|0x000000075fc00000, 0x000000075fc00000, 0x000000075fe00000|  0%| F|  |TAMS 0x000000075fc00000| PB 0x000000075fc00000| Untracked 
| 767|0x000000075fe00000, 0x000000075fe00000, 0x0000000760000000|  0%| F|  |TAMS 0x000000075fe00000| PB 0x000000075fe00000| Untracked 
| 768|0x0000000760000000, 0x0000000760000000, 0x0000000760200000|  0%| F|  |TAMS 0x0000000760000000| PB 0x0000000760000000| Untracked 
| 769|0x0000000760200000, 0x0000000760200000, 0x0000000760400000|  0%| F|  |TAMS 0x0000000760200000| PB 0x0000000760200000| Untracked 
| 770|0x0000000760400000, 0x0000000760400000, 0x0000000760600000|  0%| F|  |TAMS 0x0000000760400000| PB 0x0000000760400000| Untracked 
| 771|0x0000000760600000, 0x0000000760600000, 0x0000000760800000|  0%| F|  |TAMS 0x0000000760600000| PB 0x0000000760600000| Untracked 
| 772|0x0000000760800000, 0x0000000760800000, 0x0000000760a00000|  0%| F|  |TAMS 0x0000000760800000| PB 0x0000000760800000| Untracked 
| 773|0x0000000760a00000, 0x0000000760a00000, 0x0000000760c00000|  0%| F|  |TAMS 0x0000000760a00000| PB 0x0000000760a00000| Untracked 
| 774|0x0000000760c00000, 0x0000000760c00000, 0x0000000760e00000|  0%| F|  |TAMS 0x0000000760c00000| PB 0x0000000760c00000| Untracked 
| 775|0x0000000760e00000, 0x0000000760e00000, 0x0000000761000000|  0%| F|  |TAMS 0x0000000760e00000| PB 0x0000000760e00000| Untracked 
| 776|0x0000000761000000, 0x0000000761000000, 0x0000000761200000|  0%| F|  |TAMS 0x0000000761000000| PB 0x0000000761000000| Untracked 
| 777|0x0000000761200000, 0x0000000761200000, 0x0000000761400000|  0%| F|  |TAMS 0x0000000761200000| PB 0x0000000761200000| Untracked 
| 778|0x0000000761400000, 0x0000000761400000, 0x0000000761600000|  0%| F|  |TAMS 0x0000000761400000| PB 0x0000000761400000| Untracked 
| 779|0x0000000761600000, 0x0000000761600000, 0x0000000761800000|  0%| F|  |TAMS 0x0000000761600000| PB 0x0000000761600000| Untracked 
| 780|0x0000000761800000, 0x0000000761800000, 0x0000000761a00000|  0%| F|  |TAMS 0x0000000761800000| PB 0x0000000761800000| Untracked 
| 781|0x0000000761a00000, 0x0000000761a00000, 0x0000000761c00000|  0%| F|  |TAMS 0x0000000761a00000| PB 0x0000000761a00000| Untracked 
| 782|0x0000000761c00000, 0x0000000761c00000, 0x0000000761e00000|  0%| F|  |TAMS 0x0000000761c00000| PB 0x0000000761c00000| Untracked 
| 783|0x0000000761e00000, 0x0000000761e00000, 0x0000000762000000|  0%| F|  |TAMS 0x0000000761e00000| PB 0x0000000761e00000| Untracked 
| 784|0x0000000762000000, 0x0000000762000000, 0x0000000762200000|  0%| F|  |TAMS 0x0000000762000000| PB 0x0000000762000000| Untracked 
| 785|0x0000000762200000, 0x0000000762200000, 0x0000000762400000|  0%| F|  |TAMS 0x0000000762200000| PB 0x0000000762200000| Untracked 
| 786|0x0000000762400000, 0x0000000762600000, 0x0000000762600000|100%| S|CS|TAMS 0x0000000762400000| PB 0x0000000762400000| Complete 
| 787|0x0000000762600000, 0x0000000762800000, 0x0000000762800000|100%| S|CS|TAMS 0x0000000762600000| PB 0x0000000762600000| Complete 
| 788|0x0000000762800000, 0x0000000762a00000, 0x0000000762a00000|100%| S|CS|TAMS 0x0000000762800000| PB 0x0000000762800000| Complete 
| 789|0x0000000762a00000, 0x0000000762c00000, 0x0000000762c00000|100%| S|CS|TAMS 0x0000000762a00000| PB 0x0000000762a00000| Complete 
|2018|0x00000007fc400000, 0x00000007fc600000, 0x00000007fc600000|100%| O|  |TAMS 0x00000007fc400000| PB 0x00000007fc400000| Untracked 
|2019|0x00000007fc600000, 0x00000007fc800000, 0x00000007fc800000|100%| O|  |TAMS 0x00000007fc600000| PB 0x00000007fc600000| Untracked 
|2020|0x00000007fc800000, 0x00000007fca00000, 0x00000007fca00000|100%| O|  |TAMS 0x00000007fc800000| PB 0x00000007fc800000| Untracked 
|2021|0x00000007fca00000, 0x00000007fca00000, 0x00000007fcc00000|  0%| F|  |TAMS 0x00000007fca00000| PB 0x00000007fca00000| Untracked 
|2022|0x00000007fcc00000, 0x00000007fcc00000, 0x00000007fce00000|  0%| F|  |TAMS 0x00000007fcc00000| PB 0x00000007fcc00000| Untracked 
|2023|0x00000007fce00000, 0x00000007fd000000, 0x00000007fd000000|100%| O|  |TAMS 0x00000007fce00000| PB 0x00000007fce00000| Untracked 
|2024|0x00000007fd000000, 0x00000007fd200000, 0x00000007fd200000|100%| O|  |TAMS 0x00000007fd000000| PB 0x00000007fd000000| Untracked 
|2025|0x00000007fd200000, 0x00000007fd400000, 0x00000007fd400000|100%| O|  |TAMS 0x00000007fd200000| PB 0x00000007fd200000| Untracked 
|2026|0x00000007fd400000, 0x00000007fd600000, 0x00000007fd600000|100%| O|  |TAMS 0x00000007fd400000| PB 0x00000007fd400000| Untracked 
|2027|0x00000007fd600000, 0x00000007fd600000, 0x00000007fd800000|  0%| F|  |TAMS 0x00000007fd600000| PB 0x00000007fd600000| Untracked 
|2028|0x00000007fd800000, 0x00000007fd800000, 0x00000007fda00000|  0%| F|  |TAMS 0x00000007fd800000| PB 0x00000007fd800000| Untracked 
|2029|0x00000007fda00000, 0x00000007fda00000, 0x00000007fdc00000|  0%| F|  |TAMS 0x00000007fda00000| PB 0x00000007fda00000| Untracked 
|2030|0x00000007fdc00000, 0x00000007fdc00000, 0x00000007fde00000|  0%| F|  |TAMS 0x00000007fdc00000| PB 0x00000007fdc00000| Untracked 
|2031|0x00000007fde00000, 0x00000007fde00000, 0x00000007fe000000|  0%| F|  |TAMS 0x00000007fde00000| PB 0x00000007fde00000| Untracked 
|2032|0x00000007fe000000, 0x00000007fe000000, 0x00000007fe200000|  0%| F|  |TAMS 0x00000007fe000000| PB 0x00000007fe000000| Untracked 
|2033|0x00000007fe200000, 0x00000007fe200000, 0x00000007fe400000|  0%| F|  |TAMS 0x00000007fe200000| PB 0x00000007fe200000| Untracked 
|2034|0x00000007fe400000, 0x00000007fe400000, 0x00000007fe600000|  0%| F|  |TAMS 0x00000007fe400000| PB 0x00000007fe400000| Untracked 
|2035|0x00000007fe600000, 0x00000007fe600000, 0x00000007fe800000|  0%| F|  |TAMS 0x00000007fe600000| PB 0x00000007fe600000| Untracked 
|2036|0x00000007fe800000, 0x00000007fe800000, 0x00000007fea00000|  0%| F|  |TAMS 0x00000007fe800000| PB 0x00000007fe800000| Untracked 
|2037|0x00000007fea00000, 0x00000007fea00000, 0x00000007fec00000|  0%| F|  |TAMS 0x00000007fea00000| PB 0x00000007fea00000| Untracked 
|2038|0x00000007fec00000, 0x00000007fee00000, 0x00000007fee00000|100%| O|  |TAMS 0x00000007fec00000| PB 0x00000007fec00000| Untracked 
|2039|0x00000007fee00000, 0x00000007ff000000, 0x00000007ff000000|100%| O|  |TAMS 0x00000007fee00000| PB 0x00000007fee00000| Untracked 
|2040|0x00000007ff000000, 0x00000007ff200000, 0x00000007ff200000|100%| O|  |TAMS 0x00000007ff000000| PB 0x00000007ff000000| Untracked 
|2041|0x00000007ff200000, 0x00000007ff400000, 0x00000007ff400000|100%| O|  |TAMS 0x00000007ff200000| PB 0x00000007ff200000| Untracked 
|2042|0x00000007ff400000, 0x00000007ff600000, 0x00000007ff600000|100%| O|  |TAMS 0x00000007ff400000| PB 0x00000007ff400000| Untracked 
|2043|0x00000007ff600000, 0x00000007ff800000, 0x00000007ff800000|100%| O|  |TAMS 0x00000007ff600000| PB 0x00000007ff600000| Untracked 
|2044|0x00000007ff800000, 0x00000007ffa00000, 0x00000007ffa00000|100%| O|  |TAMS 0x00000007ff800000| PB 0x00000007ff800000| Untracked 
|2045|0x00000007ffa00000, 0x00000007ffc00000, 0x00000007ffc00000|100%| O|  |TAMS 0x00000007ffa00000| PB 0x00000007ffa00000| Untracked 
|2046|0x00000007ffc00000, 0x00000007ffe00000, 0x00000007ffe00000|100%| O|  |TAMS 0x00000007ffc00000| PB 0x00000007ffc00000| Untracked 
|2047|0x00000007ffe00000, 0x0000000800000000, 0x0000000800000000|100%| O|  |TAMS 0x00000007ffe00000| PB 0x00000007ffe00000| Untracked 

Card table byte_map: [0x00000226c9460000,0x00000226c9c60000] _byte_map_base: 0x00000226c5c60000

Marking Bits: (CMBitMap*) 0x00000226b1253410
 Bits: [0x00000226c9c60000, 0x00000226cdc60000)

Polling page: 0x00000226af050000

Metaspace:

Usage:
  Non-class:    210.24 MB used.
      Class:     30.71 MB used.
       Both:    240.94 MB used.

Virtual space:
  Non-class space:      256.00 MB reserved,     211.88 MB ( 83%) committed,  4 nodes.
      Class space:        1.00 GB reserved,      32.50 MB (  3%) committed,  1 nodes.
             Both:        1.25 GB reserved,     244.38 MB ( 19%) committed. 

Chunk freelists:
   Non-Class:  12.17 MB
       Class:  15.36 MB
        Both:  27.53 MB

MaxMetaspaceSize: unlimited
CompressedClassSpaceSize: 1.00 GB
Initial GC threshold: 21.00 MB
Current GC threshold: 407.12 MB
CDS: on
 - commit_granule_bytes: 65536.
 - commit_granule_words: 8192.
 - virtual_space_node_default_size: 8388608.
 - enlarge_chunks_in_place: 1.
 - use_allocation_guard: 0.


Internal statistics:

num_allocs_failed_limit: 15.
num_arena_births: 6926.
num_arena_deaths: 54.
num_vsnodes_births: 5.
num_vsnodes_deaths: 0.
num_space_committed: 3904.
num_space_uncommitted: 0.
num_chunks_returned_to_freelist: 93.
num_chunks_taken_from_freelist: 17943.
num_chunk_merges: 16.
num_chunk_splits: 12146.
num_chunks_enlarged: 7986.
num_inconsistent_stats: 0.

CodeHeap 'non-profiled nmethods': size=120000Kb used=16518Kb max_used=20715Kb free=103481Kb
 bounds [0x00000226c1400000, 0x00000226c2960000, 0x00000226c8930000]
CodeHeap 'profiled nmethods': size=120000Kb used=25360Kb max_used=65477Kb free=94639Kb
 bounds [0x00000226b9930000, 0x00000226bd930000, 0x00000226c0e60000]
CodeHeap 'non-nmethods': size=5760Kb used=2392Kb max_used=2509Kb free=3367Kb
 bounds [0x00000226c0e60000, 0x00000226c10f0000, 0x00000226c1400000]
CodeCache: size=245760Kb, used=44270Kb, max_used=88701Kb, free=201487Kb
 total_blobs=13376, nmethods=12179, adapters=1096, full_count=0
Compilation: enabled, stopped_count=0, restarted_count=0

Compilation events (20 events):
Event: 201.141 Thread 0x00000226d06a73a0 nmethod 49226 0x00000226c25fe490 code [0x00000226c25ff000, 0x00000226c2607240]
Event: 201.143 Thread 0x00000226d06a73a0 49230       4       com.android.tools.r8.internal.nT::b (115 bytes)
Event: 201.152 Thread 0x00000226d06a73a0 nmethod 49230 0x00000226c199e910 code [0x00000226c199eae0, 0x00000226c199ee90]
Event: 201.152 Thread 0x00000226d06a73a0 49323       4       com.android.tools.r8.graph.y::d (9 bytes)
Event: 201.154 Thread 0x00000226d06a73a0 nmethod 49323 0x00000226c1650a90 code [0x00000226c1650c20, 0x00000226c1650d18]
Event: 201.154 Thread 0x00000226d06a73a0 49240       4       com.android.tools.r8.graph.r0::a (7 bytes)
Event: 201.169 Thread 0x00000226d06ab4f0 49330       1       com.android.tools.r8.dex.code.h0::p (3 bytes)
Event: 201.169 Thread 0x00000226d06ab4f0 nmethod 49330 0x00000226c1953310 code [0x00000226c19534a0, 0x00000226c1953568]
Event: 201.186 Thread 0x00000226d06ab4f0 49331       2       com.android.tools.r8.graph.N2$a::a (18 bytes)
Event: 201.186 Thread 0x00000226d06ab4f0 nmethod 49331 0x00000226b9e11210 code [0x00000226b9e113e0, 0x00000226b9e115e8]
Event: 201.253 Thread 0x00000226d06ab4f0 49332       3       com.android.tools.r8.internal.It::equals (75 bytes)
Event: 201.254 Thread 0x00000226d06ab4f0 nmethod 49332 0x00000226b9f31b10 code [0x00000226b9f31d20, 0x00000226b9f32590]
Event: 201.286 Thread 0x00000226d06a73a0 nmethod 49240 0x00000226c18aba90 code [0x00000226c18abf80, 0x00000226c18aee20]
Event: 201.287 Thread 0x00000226d06a73a0 49333       4       com.android.tools.r8.dex.y::c (133 bytes)
Event: 201.295 Thread 0x00000226d06ab4f0 49334       2       com.android.tools.r8.graph.A3$j::f (13 bytes)
Event: 201.296 Thread 0x00000226d06ab4f0 nmethod 49334 0x00000226b9f05c90 code [0x00000226b9f05e40, 0x00000226b9f06088]
Event: 201.299 Thread 0x00000226d06a73a0 nmethod 49333 0x00000226c19e0690 code [0x00000226c19e08c0, 0x00000226c19e0e58]
Event: 201.299 Thread 0x00000226d06a73a0 49328       4       com.android.tools.r8.dex.code.w1::getField (8 bytes)
Event: 201.301 Thread 0x00000226d06a73a0 nmethod 49328 0x00000226c1954810 code [0x00000226c19549a0, 0x00000226c1954a68]
Event: 201.301 Thread 0x00000226d06a73a0 49253       4       com.android.tools.r8.dex.J::b (42 bytes)

GC Heap History (20 events):
Event: 178.203 GC heap after
{Heap after GC invocations=118 (full 0):
 garbage-first heap   total 1658880K, used 615311K [0x0000000700000000, 0x0000000800000000)
  region size 2048K, 47 young (96256K), 47 survivors (96256K)
 Metaspace       used 246406K, committed 249856K, reserved 1310720K
  class space    used 31435K, committed 33216K, reserved 1048576K
}
Event: 181.284 GC heap before
{Heap before GC invocations=118 (full 0):
 garbage-first heap   total 1658880K, used 1512335K [0x0000000700000000, 0x0000000800000000)
  region size 2048K, 486 young (995328K), 47 survivors (96256K)
 Metaspace       used 246441K, committed 249856K, reserved 1310720K
  class space    used 31435K, committed 33216K, reserved 1048576K
}
Event: 181.464 GC heap after
{Heap after GC invocations=119 (full 0):
 garbage-first heap   total 1658880K, used 649216K [0x0000000700000000, 0x0000000800000000)
  region size 2048K, 34 young (69632K), 34 survivors (69632K)
 Metaspace       used 246441K, committed 249856K, reserved 1310720K
  class space    used 31435K, committed 33216K, reserved 1048576K
}
Event: 184.622 GC heap before
{Heap before GC invocations=119 (full 0):
 garbage-first heap   total 1658880K, used 1531904K [0x0000000700000000, 0x0000000800000000)
  region size 2048K, 465 young (952320K), 34 survivors (69632K)
 Metaspace       used 246464K, committed 249920K, reserved 1310720K
  class space    used 31435K, committed 33216K, reserved 1048576K
}
Event: 184.712 GC heap after
{Heap after GC invocations=120 (full 0):
 garbage-first heap   total 1658880K, used 665600K [0x0000000700000000, 0x0000000800000000)
  region size 2048K, 24 young (49152K), 24 survivors (49152K)
 Metaspace       used 246464K, committed 249920K, reserved 1310720K
  class space    used 31435K, committed 33216K, reserved 1048576K
}
Event: 187.277 GC heap before
{Heap before GC invocations=121 (full 0):
 garbage-first heap   total 1658880K, used 1544192K [0x0000000700000000, 0x0000000800000000)
  region size 2048K, 453 young (927744K), 24 survivors (49152K)
 Metaspace       used 246487K, committed 249920K, reserved 1310720K
  class space    used 31435K, committed 33216K, reserved 1048576K
}
Event: 187.352 GC heap after
{Heap after GC invocations=122 (full 0):
 garbage-first heap   total 1658880K, used 681984K [0x0000000700000000, 0x0000000800000000)
  region size 2048K, 32 young (65536K), 32 survivors (65536K)
 Metaspace       used 246487K, committed 249920K, reserved 1310720K
  class space    used 31435K, committed 33216K, reserved 1048576K
}
Event: 189.358 GC heap before
{Heap before GC invocations=122 (full 0):
 garbage-first heap   total 1658880K, used 1591296K [0x0000000700000000, 0x0000000800000000)
  region size 2048K, 472 young (966656K), 32 survivors (65536K)
 Metaspace       used 246621K, committed 250112K, reserved 1310720K
  class space    used 31442K, committed 33280K, reserved 1048576K
}
Event: 189.444 GC heap after
{Heap after GC invocations=123 (full 0):
 garbage-first heap   total 1671168K, used 663552K [0x0000000700000000, 0x0000000800000000)
  region size 2048K, 25 young (51200K), 25 survivors (51200K)
 Metaspace       used 246621K, committed 250112K, reserved 1310720K
  class space    used 31442K, committed 33280K, reserved 1048576K
}
Event: 190.946 GC heap before
{Heap before GC invocations=123 (full 0):
 garbage-first heap   total 1671168K, used 1566720K [0x0000000700000000, 0x0000000800000000)
  region size 2048K, 467 young (956416K), 25 survivors (51200K)
 Metaspace       used 246634K, committed 250112K, reserved 1310720K
  class space    used 31443K, committed 33280K, reserved 1048576K
}
Event: 191.042 GC heap after
{Heap after GC invocations=124 (full 0):
 garbage-first heap   total 1671168K, used 702464K [0x0000000700000000, 0x0000000800000000)
  region size 2048K, 44 young (90112K), 44 survivors (90112K)
 Metaspace       used 246634K, committed 250112K, reserved 1310720K
  class space    used 31443K, committed 33280K, reserved 1048576K
}
Event: 193.560 GC heap before
{Heap before GC invocations=125 (full 0):
 garbage-first heap   total 1671168K, used 1558528K [0x0000000700000000, 0x0000000800000000)
  region size 2048K, 461 young (944128K), 44 survivors (90112K)
 Metaspace       used 246661K, committed 250176K, reserved 1310720K
  class space    used 31443K, committed 33280K, reserved 1048576K
}
Event: 193.669 GC heap after
{Heap after GC invocations=126 (full 0):
 garbage-first heap   total 1671168K, used 713266K [0x0000000700000000, 0x0000000800000000)
  region size 2048K, 31 young (63488K), 31 survivors (63488K)
 Metaspace       used 246661K, committed 250176K, reserved 1310720K
  class space    used 31443K, committed 33280K, reserved 1048576K
}
Event: 195.087 GC heap before
{Heap before GC invocations=126 (full 0):
 garbage-first heap   total 1671168K, used 1561138K [0x0000000700000000, 0x0000000800000000)
  region size 2048K, 446 young (913408K), 31 survivors (63488K)
 Metaspace       used 246678K, committed 250176K, reserved 1310720K
  class space    used 31443K, committed 33280K, reserved 1048576K
}
Event: 195.188 GC heap after
{Heap after GC invocations=127 (full 0):
 garbage-first heap   total 1671168K, used 705536K [0x0000000700000000, 0x0000000800000000)
  region size 2048K, 28 young (57344K), 28 survivors (57344K)
 Metaspace       used 246678K, committed 250176K, reserved 1310720K
  class space    used 31443K, committed 33280K, reserved 1048576K
}
Event: 196.341 GC heap before
{Heap before GC invocations=127 (full 0):
 garbage-first heap   total 1671168K, used 1555456K [0x0000000700000000, 0x0000000800000000)
  region size 2048K, 444 young (909312K), 28 survivors (57344K)
 Metaspace       used 246690K, committed 250176K, reserved 1310720K
  class space    used 31443K, committed 33280K, reserved 1048576K
}
Event: 196.428 GC heap after
{Heap after GC invocations=128 (full 0):
 garbage-first heap   total 1671168K, used 722944K [0x0000000700000000, 0x0000000800000000)
  region size 2048K, 37 young (75776K), 37 survivors (75776K)
 Metaspace       used 246690K, committed 250176K, reserved 1310720K
  class space    used 31443K, committed 33280K, reserved 1048576K
}
Event: 199.588 GC heap before
{Heap before GC invocations=129 (full 0):
 garbage-first heap   total 1671168K, used 1554432K [0x0000000700000000, 0x0000000800000000)
  region size 2048K, 446 young (913408K), 37 survivors (75776K)
 Metaspace       used 246704K, committed 250176K, reserved 1310720K
  class space    used 31443K, committed 33280K, reserved 1048576K
}
Event: 199.681 GC heap after
{Heap after GC invocations=130 (full 0):
 garbage-first heap   total 1671168K, used 724439K [0x0000000700000000, 0x0000000800000000)
  region size 2048K, 33 young (67584K), 33 survivors (67584K)
 Metaspace       used 246704K, committed 250176K, reserved 1310720K
  class space    used 31443K, committed 33280K, reserved 1048576K
}
Event: 201.303 GC heap before
{Heap before GC invocations=130 (full 0):
 garbage-first heap   total 1671168K, used 1572311K [0x0000000700000000, 0x0000000800000000)
  region size 2048K, 445 young (911360K), 33 survivors (67584K)
 Metaspace       used 246725K, committed 250240K, reserved 1310720K
  class space    used 31443K, committed 33280K, reserved 1048576K
}

Dll operation events (15 events):
Event: 0.023 Loaded shared library C:\Users\Abdo\.gradle\jdks\amazon_com_inc_-21-amd64-windows.2\bin\java.dll
Event: 0.087 Loaded shared library C:\Users\Abdo\.gradle\jdks\amazon_com_inc_-21-amd64-windows.2\bin\jsvml.dll
Event: 0.191 Loaded shared library C:\Users\Abdo\.gradle\jdks\amazon_com_inc_-21-amd64-windows.2\bin\zip.dll
Event: 0.198 Loaded shared library C:\Users\Abdo\.gradle\jdks\amazon_com_inc_-21-amd64-windows.2\bin\instrument.dll
Event: 0.207 Loaded shared library C:\Users\Abdo\.gradle\jdks\amazon_com_inc_-21-amd64-windows.2\bin\net.dll
Event: 0.211 Loaded shared library C:\Users\Abdo\.gradle\jdks\amazon_com_inc_-21-amd64-windows.2\bin\nio.dll
Event: 0.216 Loaded shared library C:\Users\Abdo\.gradle\jdks\amazon_com_inc_-21-amd64-windows.2\bin\zip.dll
Event: 0.616 Loaded shared library C:\Users\Abdo\.gradle\jdks\amazon_com_inc_-21-amd64-windows.2\bin\jimage.dll
Event: 0.846 Loaded shared library C:\Users\Abdo\.gradle\jdks\amazon_com_inc_-21-amd64-windows.2\bin\verify.dll
Event: 1.088 Loaded shared library C:\Users\Abdo\.gradle\native\c067742578af261105cb4f569cf0c3c89f3d7b1fecec35dd04571415982c5e48\windows-amd64\native-platform.dll
Event: 1.102 Loaded shared library C:\Users\Abdo\.gradle\native\100fb08df4bc3b14c8652ba06237920a3bd2aa13389f12d3474272988ae205f9\windows-amd64\native-platform-file-events.dll
Event: 2.717 Loaded shared library C:\Users\Abdo\.gradle\jdks\amazon_com_inc_-21-amd64-windows.2\bin\management.dll
Event: 2.723 Loaded shared library C:\Users\Abdo\.gradle\jdks\amazon_com_inc_-21-amd64-windows.2\bin\management_ext.dll
Event: 3.011 Loaded shared library C:\Users\Abdo\.gradle\jdks\amazon_com_inc_-21-amd64-windows.2\bin\extnet.dll
Event: 3.248 Loaded shared library C:\Users\Abdo\.gradle\jdks\amazon_com_inc_-21-amd64-windows.2\bin\sunmscapi.dll

Deoptimization events (20 events):
Event: 200.886 Thread 0x000002271b727bb0 DEOPT PACKING pc=0x00000226c1e8e164 sp=0x0000007ba3af99e0
Event: 200.886 Thread 0x000002271b727bb0 DEOPT UNPACKING pc=0x00000226c0eb4422 sp=0x0000007ba3af99e8 mode 2
Event: 200.892 Thread 0x000002271b71ff00 DEOPT PACKING pc=0x00000226bc222fe3 sp=0x0000007ba37f9a50
Event: 200.892 Thread 0x000002271b71ff00 DEOPT UNPACKING pc=0x00000226c0eb4bc2 sp=0x0000007ba37f9028 mode 0
Event: 201.044 Thread 0x000002271b71f870 DEOPT PACKING pc=0x00000226bc222fe3 sp=0x0000007ba35f9c10
Event: 201.044 Thread 0x000002271b71f870 DEOPT UNPACKING pc=0x00000226c0eb4bc2 sp=0x0000007ba35f91e8 mode 0
Event: 201.051 Thread 0x000002271b726e90 Uncommon trap: trap_request=0xffffff45 fr.pc=0x00000226c1ac060c relative=0x0000000000000b2c
Event: 201.051 Thread 0x000002271b726e90 Uncommon trap: reason=unstable_if action=reinterpret pc=0x00000226c1ac060c method=com.android.tools.r8.internal.Da.a(I)Lcom/android/tools/r8/graph/j0; @ 5 c2
Event: 201.051 Thread 0x000002271b726e90 DEOPT PACKING pc=0x00000226c1ac060c sp=0x0000007ba36f9b60
Event: 201.051 Thread 0x000002271b726e90 DEOPT UNPACKING pc=0x00000226c0eb4422 sp=0x0000007ba36f9a90 mode 2
Event: 201.058 Thread 0x00000227161d4aa0 Uncommon trap: trap_request=0xffffff45 fr.pc=0x00000226c15bb8a4 relative=0x0000000000000084
Event: 201.058 Thread 0x00000227161d4aa0 Uncommon trap: reason=unstable_if action=reinterpret pc=0x00000226c15bb8a4 method=com.android.tools.r8.dex.y.c(I)V @ 11 c2
Event: 201.058 Thread 0x00000227161d4aa0 DEOPT PACKING pc=0x00000226c15bb8a4 sp=0x0000007ba16fa270
Event: 201.058 Thread 0x00000227161d4aa0 DEOPT UNPACKING pc=0x00000226c0eb4422 sp=0x0000007ba16fa1e8 mode 2
Event: 201.060 Thread 0x000002271b726800 Uncommon trap: trap_request=0xffffffbe fr.pc=0x00000226c2024900 relative=0x00000000000010a0
Event: 201.060 Thread 0x000002271b726800 Uncommon trap: reason=profile_predicate action=maybe_recompile pc=0x00000226c2024900 method=com.android.tools.r8.ir.optimize.F.a(Lcom/android/tools/r8/internal/Ot;)Z @ 649 c2
Event: 201.060 Thread 0x000002271b726800 DEOPT PACKING pc=0x00000226c2024900 sp=0x0000007ba34f9750
Event: 201.060 Thread 0x000002271b726800 DEOPT UNPACKING pc=0x00000226c0eb4422 sp=0x0000007ba34f9710 mode 2
Event: 201.260 Thread 0x000002271b720590 DEOPT PACKING pc=0x00000226bc222fe3 sp=0x0000007ba39f9940
Event: 201.260 Thread 0x000002271b720590 DEOPT UNPACKING pc=0x00000226c0eb4bc2 sp=0x0000007ba39f8f18 mode 0

Classes loaded (20 events):
Event: 127.287 Loading class java/util/IdentityHashMap$IdentityHashMapSpliterator done
Event: 127.288 Loading class java/util/IdentityHashMap$EntrySpliterator done
Event: 127.584 Loading class java/util/PriorityQueue
Event: 127.588 Loading class java/util/PriorityQueue done
Event: 127.589 Loading class java/util/SortedSet$1
Event: 127.589 Loading class java/util/SortedSet$1 done
Event: 127.637 Loading class java/util/IdentityHashMap$ValueIterator
Event: 127.637 Loading class java/util/IdentityHashMap$ValueIterator done
Event: 127.863 Loading class java/util/stream/SliceOps
Event: 127.865 Loading class java/util/stream/SliceOps done
Event: 127.869 Loading class java/util/stream/SliceOps$1
Event: 127.877 Loading class java/util/stream/SliceOps$1 done
Event: 128.021 Loading class java/util/stream/SliceOps$1$1
Event: 128.021 Loading class java/util/stream/SliceOps$1$1 done
Event: 133.447 Loading class java/nio/ShortBuffer
Event: 133.447 Loading class java/nio/ShortBuffer done
Event: 133.578 Loading class java/nio/ByteBufferAsShortBufferL
Event: 133.579 Loading class java/nio/ByteBufferAsShortBufferL done
Event: 133.719 Loading class java/util/zip/Adler32
Event: 133.720 Loading class java/util/zip/Adler32 done

Classes unloaded (20 events):
Event: 94.256 Thread 0x00000226d06765e0 Unloading class 0x00000226d3bc8400 'java/lang/invoke/LambdaForm$MH+0x00000226d3bc8400'
Event: 94.256 Thread 0x00000226d06765e0 Unloading class 0x00000226d3bc7c00 'java/lang/invoke/LambdaForm$MH+0x00000226d3bc7c00'
Event: 94.256 Thread 0x00000226d06765e0 Unloading class 0x00000226d3bc7400 'java/lang/invoke/LambdaForm$MH+0x00000226d3bc7400'
Event: 94.256 Thread 0x00000226d06765e0 Unloading class 0x00000226d3bc6800 'java/lang/invoke/LambdaForm$MH+0x00000226d3bc6800'
Event: 94.256 Thread 0x00000226d06765e0 Unloading class 0x00000226d3bc6000 'java/lang/invoke/LambdaForm$MH+0x00000226d3bc6000'
Event: 94.256 Thread 0x00000226d06765e0 Unloading class 0x00000226d3bc5800 'java/lang/invoke/LambdaForm$MH+0x00000226d3bc5800'
Event: 94.256 Thread 0x00000226d06765e0 Unloading class 0x00000226d3bc5000 'java/lang/invoke/LambdaForm$MH+0x00000226d3bc5000'
Event: 94.256 Thread 0x00000226d06765e0 Unloading class 0x00000226d3bc4800 'java/lang/invoke/LambdaForm$MH+0x00000226d3bc4800'
Event: 94.256 Thread 0x00000226d06765e0 Unloading class 0x00000226d3bc4400 'java/lang/invoke/LambdaForm$MH+0x00000226d3bc4400'
Event: 94.256 Thread 0x00000226d06765e0 Unloading class 0x00000226d3bc3800 'java/lang/invoke/LambdaForm$MH+0x00000226d3bc3800'
Event: 94.256 Thread 0x00000226d06765e0 Unloading class 0x00000226d3bc3400 'java/lang/invoke/LambdaForm$MH+0x00000226d3bc3400'
Event: 94.256 Thread 0x00000226d06765e0 Unloading class 0x00000226d3bc2800 'java/lang/invoke/LambdaForm$MH+0x00000226d3bc2800'
Event: 94.256 Thread 0x00000226d06765e0 Unloading class 0x00000226d3bc2000 'java/lang/invoke/LambdaForm$MH+0x00000226d3bc2000'
Event: 94.256 Thread 0x00000226d06765e0 Unloading class 0x00000226d3bc1c00 'java/lang/invoke/LambdaForm$DMH+0x00000226d3bc1c00'
Event: 94.256 Thread 0x00000226d06765e0 Unloading class 0x00000226d3bc1000 'java/lang/invoke/LambdaForm$MH+0x00000226d3bc1000'
Event: 94.256 Thread 0x00000226d06765e0 Unloading class 0x00000226d3bc0c00 'java/lang/invoke/LambdaForm$MH+0x00000226d3bc0c00'
Event: 94.257 Thread 0x00000226d06765e0 Unloading class 0x00000226d3bc0000 'java/lang/invoke/LambdaForm$MH+0x00000226d3bc0000'
Event: 137.552 Thread 0x00000226d06765e0 Unloading class 0x00000226d3f98800 'java/lang/invoke/LambdaForm$DMH+0x00000226d3f98800'
Event: 137.552 Thread 0x00000226d06765e0 Unloading class 0x00000226d3f98000 'java/lang/invoke/LambdaForm$DMH+0x00000226d3f98000'
Event: 137.552 Thread 0x00000226d06765e0 Unloading class 0x00000226d3e70000 'java/lang/invoke/LambdaForm$DMH+0x00000226d3e70000'

Classes redefined (0 events):
No events

Internal exceptions (20 events):
Event: 189.707 Thread 0x000002271b71ff00 Exception <a 'sun/nio/fs/WindowsException'{0x000000075c4d1418}> (0x000000075c4d1418) 
thrown [s\src\hotspot\share\prims\jni.cpp, line 520]
Event: 190.761 Thread 0x000002271b726e90 Exception <a 'sun/nio/fs/WindowsException'{0x00000007340ffb00}> (0x00000007340ffb00) 
thrown [s\src\hotspot\share\prims\jni.cpp, line 520]
Event: 192.627 Thread 0x000002271b71ff00 Exception <a 'sun/nio/fs/WindowsException'{0x000000074896e808}> (0x000000074896e808) 
thrown [s\src\hotspot\share\prims\jni.cpp, line 520]
Event: 193.262 Thread 0x000002271b727bb0 Exception <a 'sun/nio/fs/WindowsException'{0x000000073ba820f0}> (0x000000073ba820f0) 
thrown [s\src\hotspot\share\prims\jni.cpp, line 520]
Event: 193.715 Thread 0x000002271b727bb0 Exception <a 'sun/nio/fs/WindowsException'{0x00000007622acf80}> (0x00000007622acf80) 
thrown [s\src\hotspot\share\prims\jni.cpp, line 520]
Event: 193.980 Thread 0x000002271b726e90 Exception <a 'sun/nio/fs/WindowsException'{0x0000000759eed240}> (0x0000000759eed240) 
thrown [s\src\hotspot\share\prims\jni.cpp, line 520]
Event: 194.062 Thread 0x000002271b727bb0 Exception <a 'sun/nio/fs/WindowsException'{0x0000000755c4be38}> (0x0000000755c4be38) 
thrown [s\src\hotspot\share\prims\jni.cpp, line 520]
Event: 194.208 Thread 0x000002271b726e90 Exception <a 'sun/nio/fs/WindowsException'{0x0000000750493358}> (0x0000000750493358) 
thrown [s\src\hotspot\share\prims\jni.cpp, line 520]
Event: 194.447 Thread 0x000002271b726e90 Exception <a 'sun/nio/fs/WindowsException'{0x00000007479fd098}> (0x00000007479fd098) 
thrown [s\src\hotspot\share\prims\jni.cpp, line 520]
Event: 194.532 Thread 0x000002271b726e90 Exception <a 'sun/nio/fs/WindowsException'{0x000000074544ec98}> (0x000000074544ec98) 
thrown [s\src\hotspot\share\prims\jni.cpp, line 520]
Event: 194.691 Thread 0x000002271b726e90 Exception <a 'sun/nio/fs/WindowsException'{0x0000000740ca1328}> (0x0000000740ca1328) 
thrown [s\src\hotspot\share\prims\jni.cpp, line 520]
Event: 195.976 Thread 0x000002271b71ff00 Exception <a 'sun/nio/fs/WindowsException'{0x0000000740595360}> (0x0000000740595360) 
thrown [s\src\hotspot\share\prims\jni.cpp, line 520]
Event: 197.795 Thread 0x000002271b727bb0 Exception <a 'sun/nio/fs/WindowsException'{0x00000007462c2668}> (0x00000007462c2668) 
thrown [s\src\hotspot\share\prims\jni.cpp, line 520]
Event: 199.218 Thread 0x000002271b727bb0 Exception <a 'sun/nio/fs/WindowsException'{0x00000007380550f8}> (0x00000007380550f8) 
thrown [s\src\hotspot\share\prims\jni.cpp, line 520]
Event: 199.554 Thread 0x000002271b727bb0 Exception <a 'sun/nio/fs/WindowsException'{0x00000007325add88}> (0x00000007325add88) 
thrown [s\src\hotspot\share\prims\jni.cpp, line 520]
Event: 200.171 Thread 0x000002271b726800 Exception <a 'sun/nio/fs/WindowsException'{0x000000075531ba78}> (0x000000075531ba78) 
thrown [s\src\hotspot\share\prims\jni.cpp, line 520]
Event: 200.306 Thread 0x000002271b727bb0 Exception <a 'sun/nio/fs/WindowsException'{0x000000074da85918}> (0x000000074da85918) 
thrown [s\src\hotspot\share\prims\jni.cpp, line 520]
Event: 200.451 Thread 0x000002271b727bb0 Exception <a 'sun/nio/fs/WindowsException'{0x00000007494ed1f8}> (0x00000007494ed1f8) 
thrown [s\src\hotspot\share\prims\jni.cpp, line 520]
Event: 200.564 Thread 0x000002271b727bb0 Exception <a 'sun/nio/fs/WindowsException'{0x0000000745a02a08}> (0x0000000745a02a08) 
thrown [s\src\hotspot\share\prims\jni.cpp, line 520]
Event: 201.077 Thread 0x000002271b727bb0 Exception <a 'sun/nio/fs/WindowsException'{0x00000007376f66a0}> (0x00000007376f66a0) 
thrown [s\src\hotspot\share\prims\jni.cpp, line 520]

ZGC Phase Switch (0 events):
No events

VM Operations (20 events):
Event: 194.684 Executing safepoint VM operation: Cleanup done
Event: 195.086 Executing safepoint VM operation: G1CollectForAllocation (G1 Evacuation Pause)
Event: 195.188 Executing safepoint VM operation: G1CollectForAllocation (G1 Evacuation Pause) done
Event: 196.189 Executing safepoint VM operation: Cleanup
Event: 196.189 Executing safepoint VM operation: Cleanup done
Event: 196.337 Executing safepoint VM operation: G1CollectForAllocation (G1 Evacuation Pause)
Event: 196.428 Executing safepoint VM operation: G1CollectForAllocation (G1 Evacuation Pause) done
Event: 197.429 Executing safepoint VM operation: Cleanup
Event: 197.438 Executing safepoint VM operation: Cleanup done
Event: 197.942 Executing safepoint VM operation: G1PauseRemark
Event: 197.967 Executing safepoint VM operation: G1PauseRemark done
Event: 198.805 Executing safepoint VM operation: G1PauseCleanup
Event: 198.849 Executing safepoint VM operation: G1PauseCleanup done
Event: 199.528 Executing safepoint VM operation: ICBufferFull
Event: 199.532 Executing safepoint VM operation: ICBufferFull done
Event: 199.582 Executing safepoint VM operation: G1CollectForAllocation (G1 Evacuation Pause)
Event: 199.587 Executing safepoint VM operation: G1CollectForAllocation (G1 Evacuation Pause) done
Event: 199.587 Executing safepoint VM operation: G1CollectForAllocation (GCLocker Initiated GC)
Event: 199.681 Executing safepoint VM operation: G1CollectForAllocation (GCLocker Initiated GC) done
Event: 201.302 Executing safepoint VM operation: G1CollectForAllocation (G1 Evacuation Pause)

Memory protections (0 events):
No events

Nmethod flushes (20 events):
Event: 197.964 Thread 0x00000226d06765e0 flushing  nmethod 0x00000226bc079b10
Event: 197.964 Thread 0x00000226d06765e0 flushing  nmethod 0x00000226bc090890
Event: 197.964 Thread 0x00000226d06765e0 flushing  nmethod 0x00000226bc11ec10
Event: 197.964 Thread 0x00000226d06765e0 flushing  nmethod 0x00000226bc15aa90
Event: 197.964 Thread 0x00000226d06765e0 flushing  nmethod 0x00000226bc1cb490
Event: 197.964 Thread 0x00000226d06765e0 flushing  nmethod 0x00000226bcd28210
Event: 197.964 Thread 0x00000226d06765e0 flushing  nmethod 0x00000226bcd7ec90
Event: 197.964 Thread 0x00000226d06765e0 flushing  nmethod 0x00000226bce2f010
Event: 197.964 Thread 0x00000226d06765e0 flushing  nmethod 0x00000226bce30190
Event: 197.964 Thread 0x00000226d06765e0 flushing  nmethod 0x00000226bce30890
Event: 197.964 Thread 0x00000226d06765e0 flushing  nmethod 0x00000226bce7c390
Event: 197.964 Thread 0x00000226d06765e0 flushing  nmethod 0x00000226bcf63d90
Event: 197.964 Thread 0x00000226d06765e0 flushing  nmethod 0x00000226bcf67190
Event: 197.964 Thread 0x00000226d06765e0 flushing  nmethod 0x00000226bcf68210
Event: 197.964 Thread 0x00000226d06765e0 flushing  nmethod 0x00000226bcfbc510
Event: 197.964 Thread 0x00000226d06765e0 flushing  nmethod 0x00000226bcfc0c90
Event: 197.964 Thread 0x00000226d06765e0 flushing  nmethod 0x00000226bd010c90
Event: 197.964 Thread 0x00000226d06765e0 flushing  nmethod 0x00000226bd0e9790
Event: 197.964 Thread 0x00000226d06765e0 flushing  nmethod 0x00000226bd3e2b10
Event: 197.964 Thread 0x00000226d06765e0 flushing  nmethod 0x00000226bd3e3a90

Events (20 events):
Event: 90.697 Thread 0x000002271b0c9880 Thread added: 0x000002272bcb0930
Event: 91.717 Thread 0x000002271b0cbfe0 Thread added: 0x000002272c5db270
Event: 93.966 Thread 0x000002272bca31d0 Thread exited: 0x000002272bca31d0
Event: 94.723 Thread 0x000002272bca1d60 Thread exited: 0x000002272bca1d60
Event: 105.104 Thread 0x00000226d06a73a0 Thread added: 0x0000022718e181f0
Event: 105.734 Thread 0x0000022718e181f0 Thread exited: 0x0000022718e181f0
Event: 107.261 Thread 0x00000226d06ab4f0 Thread added: 0x000002272bca6180
Event: 107.352 Thread 0x000002271b0ce0b0 Thread added: 0x00000227325f8500
Event: 108.153 Thread 0x000002271b0cc670 Thread added: 0x00000227325f6ac0
Event: 108.684 Thread 0x000002271b0cc670 Thread added: 0x00000227325fb980
Event: 108.684 Thread 0x000002271b0cc670 Thread added: 0x00000227325fcd30
Event: 110.725 Thread 0x00000227325f8500 Thread exited: 0x00000227325f8500
Event: 120.913 Thread 0x000002271b0cb950 Thread added: 0x00000227325f9f40
Event: 122.966 Thread 0x000002272bcb0930 Thread exited: 0x000002272bcb0930
Event: 126.442 Thread 0x000002271b0cac30 Thread added: 0x00000227325fee00
Event: 126.600 Thread 0x000002271b0cac30 Thread added: 0x00000227325f8b90
Event: 126.600 Thread 0x000002271b0cac30 Thread added: 0x00000227325f7e70
Event: 139.342 Thread 0x00000227161cfbe0 Thread exited: 0x00000227161cfbe0
Event: 139.508 Thread 0x00000227161ce1a0 Thread exited: 0x00000227161ce1a0
Event: 139.584 Thread 0x00000227161d3060 Thread exited: 0x00000227161d3060


Dynamic libraries:
0x00007ff7897c0000 - 0x00007ff7897ce000 	C:\Users\Abdo\.gradle\jdks\amazon_com_inc_-21-amd64-windows.2\bin\java.exe
0x00007ff82c630000 - 0x00007ff82c828000 	C:\Windows\SYSTEM32\ntdll.dll
0x00007ff82b040000 - 0x00007ff82b0fd000 	C:\Windows\System32\KERNEL32.DLL
0x00007ff82a1b0000 - 0x00007ff82a47e000 	C:\Windows\System32\KERNELBASE.dll
0x00007ff82a0b0000 - 0x00007ff82a1b0000 	C:\Windows\System32\ucrtbase.dll
0x00007ff80ff70000 - 0x00007ff80ff8e000 	C:\Users\Abdo\.gradle\jdks\amazon_com_inc_-21-amd64-windows.2\bin\VCRUNTIME140.dll
0x00007ff810040000 - 0x00007ff810058000 	C:\Users\Abdo\.gradle\jdks\amazon_com_inc_-21-amd64-windows.2\bin\jli.dll
0x00007ff82bb60000 - 0x00007ff82bd00000 	C:\Windows\System32\USER32.dll
0x00007ff81abb0000 - 0x00007ff81ae4a000 	C:\Windows\WinSxS\amd64_microsoft.windows.common-controls_6595b64144ccf1df_6.0.19041.1110_none_60b5254171f9507e\COMCTL32.dll
0x00007ff829dc0000 - 0x00007ff829de2000 	C:\Windows\System32\win32u.dll
0x00007ff82b100000 - 0x00007ff82b19e000 	C:\Windows\System32\msvcrt.dll
0x00007ff82af80000 - 0x00007ff82afaa000 	C:\Windows\System32\GDI32.dll
0x00007ff829df0000 - 0x00007ff829efb000 	C:\Windows\System32\gdi32full.dll
0x00007ff82a480000 - 0x00007ff82a51d000 	C:\Windows\System32\msvcp_win.dll
0x00007ff82b010000 - 0x00007ff82b040000 	C:\Windows\System32\IMM32.DLL
0x00007ff81eb10000 - 0x00007ff81eb1c000 	C:\Users\Abdo\.gradle\jdks\amazon_com_inc_-21-amd64-windows.2\bin\vcruntime140_1.dll
0x00007ff80e210000 - 0x00007ff80e299000 	C:\Users\Abdo\.gradle\jdks\amazon_com_inc_-21-amd64-windows.2\bin\msvcp140.dll
0x00007fffd8ec0000 - 0x00007fffd9c68000 	C:\Users\Abdo\.gradle\jdks\amazon_com_inc_-21-amd64-windows.2\bin\server\jvm.dll
0x00007ff82a690000 - 0x00007ff82a73e000 	C:\Windows\System32\ADVAPI32.dll
0x00007ff82be90000 - 0x00007ff82bf2c000 	C:\Windows\System32\sechost.dll
0x00007ff82a740000 - 0x00007ff82a865000 	C:\Windows\System32\RPCRT4.dll
0x00007ff82b280000 - 0x00007ff82b2eb000 	C:\Windows\System32\WS2_32.dll
0x00007ff829790000 - 0x00007ff8297db000 	C:\Windows\SYSTEM32\POWRPROF.dll
0x00007ff81d210000 - 0x00007ff81d237000 	C:\Windows\SYSTEM32\WINMM.dll
0x00007ff8284d0000 - 0x00007ff8284da000 	C:\Windows\SYSTEM32\VERSION.dll
0x00007ff829770000 - 0x00007ff829782000 	C:\Windows\SYSTEM32\UMPDC.dll
0x00007ff8285e0000 - 0x00007ff8285f2000 	C:\Windows\SYSTEM32\kernel.appcore.dll
0x00007ff816d50000 - 0x00007ff816d5a000 	C:\Users\Abdo\.gradle\jdks\amazon_com_inc_-21-amd64-windows.2\bin\jimage.dll
0x00007ff8151d0000 - 0x00007ff8153b4000 	C:\Windows\SYSTEM32\DBGHELP.DLL
0x00007ff814d10000 - 0x00007ff814d3c000 	C:\Windows\SYSTEM32\dbgcore.DLL
0x00007ff82a520000 - 0x00007ff82a5a2000 	C:\Windows\System32\bcryptPrimitives.dll
0x00007ff816ce0000 - 0x00007ff816cf0000 	C:\Users\Abdo\.gradle\jdks\amazon_com_inc_-21-amd64-windows.2\bin\instrument.dll
0x00007ff80fd00000 - 0x00007ff80fd21000 	C:\Users\Abdo\.gradle\jdks\amazon_com_inc_-21-amd64-windows.2\bin\java.dll
0x00007ff82b410000 - 0x00007ff82bb53000 	C:\Windows\System32\SHELL32.dll
0x00007ff827b10000 - 0x00007ff8282a5000 	C:\Windows\SYSTEM32\windows.storage.dll
0x00007ff82c0f0000 - 0x00007ff82c444000 	C:\Windows\System32\combase.dll
0x00007ff829600000 - 0x00007ff829630000 	C:\Windows\SYSTEM32\Wldp.dll
0x00007ff82b360000 - 0x00007ff82b40d000 	C:\Windows\System32\SHCORE.dll
0x00007ff82afb0000 - 0x00007ff82b005000 	C:\Windows\System32\shlwapi.dll
0x00007ff829c90000 - 0x00007ff829caf000 	C:\Windows\SYSTEM32\profapi.dll
0x00007ff808970000 - 0x00007ff808a47000 	C:\Users\Abdo\.gradle\jdks\amazon_com_inc_-21-amd64-windows.2\bin\jsvml.dll
0x00007ff80ff00000 - 0x00007ff80ff18000 	C:\Users\Abdo\.gradle\jdks\amazon_com_inc_-21-amd64-windows.2\bin\zip.dll
0x00007ff80fdc0000 - 0x00007ff80fdd1000 	C:\Users\Abdo\.gradle\jdks\amazon_com_inc_-21-amd64-windows.2\bin\net.dll
0x00007ff8283c0000 - 0x00007ff8284ca000 	C:\Windows\SYSTEM32\WINHTTP.dll
0x00007ff8293e0000 - 0x00007ff82944a000 	C:\Windows\system32\mswsock.dll
0x00007ff80fda0000 - 0x00007ff80fdb6000 	C:\Users\Abdo\.gradle\jdks\amazon_com_inc_-21-amd64-windows.2\bin\nio.dll
0x00007ff816760000 - 0x00007ff816770000 	C:\Users\Abdo\.gradle\jdks\amazon_com_inc_-21-amd64-windows.2\bin\verify.dll
0x00007ff80ff90000 - 0x00007ff80ffb7000 	C:\Users\Abdo\.gradle\native\c067742578af261105cb4f569cf0c3c89f3d7b1fecec35dd04571415982c5e48\windows-amd64\native-platform.dll
0x00007ff8082d0000 - 0x00007ff808414000 	C:\Users\Abdo\.gradle\native\100fb08df4bc3b14c8652ba06237920a3bd2aa13389f12d3474272988ae205f9\windows-amd64\native-platform-file-events.dll
0x00007ff81f880000 - 0x00007ff81f88a000 	C:\Users\Abdo\.gradle\jdks\amazon_com_inc_-21-amd64-windows.2\bin\management.dll
0x00007ff812e90000 - 0x00007ff812e9c000 	C:\Users\Abdo\.gradle\jdks\amazon_com_inc_-21-amd64-windows.2\bin\management_ext.dll
0x00007ff82a870000 - 0x00007ff82a878000 	C:\Windows\System32\PSAPI.DLL
0x00007ff829640000 - 0x00007ff829658000 	C:\Windows\SYSTEM32\CRYPTSP.dll
0x00007ff828d80000 - 0x00007ff828db4000 	C:\Windows\system32\rsaenh.dll
0x00007ff82a5b0000 - 0x00007ff82a5d7000 	C:\Windows\System32\bcrypt.dll
0x00007ff829c10000 - 0x00007ff829c3e000 	C:\Windows\SYSTEM32\USERENV.dll
0x00007ff829570000 - 0x00007ff82957c000 	C:\Windows\SYSTEM32\CRYPTBASE.dll
0x00007ff8290f0000 - 0x00007ff82912b000 	C:\Windows\SYSTEM32\IPHLPAPI.DLL
0x00007ff82b350000 - 0x00007ff82b358000 	C:\Windows\System32\NSI.dll
0x00007ff811e50000 - 0x00007ff811e59000 	C:\Users\Abdo\.gradle\jdks\amazon_com_inc_-21-amd64-windows.2\bin\extnet.dll
0x00007ff811280000 - 0x00007ff81128e000 	C:\Users\Abdo\.gradle\jdks\amazon_com_inc_-21-amd64-windows.2\bin\sunmscapi.dll
0x00007ff829f50000 - 0x00007ff82a0a6000 	C:\Windows\System32\CRYPT32.dll
0x00007ff829820000 - 0x00007ff829847000 	C:\Windows\SYSTEM32\ncrypt.dll
0x00007ff8297e0000 - 0x00007ff82981b000 	C:\Windows\SYSTEM32\NTASN1.dll
0x00007ff824210000 - 0x00007ff824217000 	C:\Windows\system32\wshunix.dll
0x00007ff829130000 - 0x00007ff8291fa000 	C:\Windows\SYSTEM32\DNSAPI.dll
0x00007ff8228a0000 - 0x00007ff8228aa000 	C:\Windows\System32\rasadhlp.dll
0x00007ff823030000 - 0x00007ff8230b0000 	C:\Windows\System32\fwpuclnt.dll
0x00007ff828a10000 - 0x00007ff828a43000 	C:\Windows\SYSTEM32\ntmarta.dll
0x00007ff826fe0000 - 0x00007ff827070000 	C:\Windows\system32\apphelp.dll

JVMTI agents:
C:\Users\Abdo\.gradle\wrapper\dists\gradle-8.9-bin\90cnw93cvbtalezasaz0blq0a\gradle-8.9\lib\agents\gradle-instrumentation-agent-8.9.jar path:C:\Users\Abdo\.gradle\jdks\amazon_com_inc_-21-amd64-windows.2\bin\instrument.dll, loaded, initialized, instrumentlib options:none

dbghelp: loaded successfully - version: 4.0.5 - missing functions: none
symbol engine: initialized successfully - sym options: 0x614 - pdb path: .;C:\Users\Abdo\.gradle\jdks\amazon_com_inc_-21-amd64-windows.2\bin;C:\Windows\SYSTEM32;C:\Windows\WinSxS\amd64_microsoft.windows.common-controls_6595b64144ccf1df_6.0.19041.1110_none_60b5254171f9507e;C:\Users\Abdo\.gradle\jdks\amazon_com_inc_-21-amd64-windows.2\bin\server;C:\Users\Abdo\.gradle\native\c067742578af261105cb4f569cf0c3c89f3d7b1fecec35dd04571415982c5e48\windows-amd64;C:\Users\Abdo\.gradle\native\100fb08df4bc3b14c8652ba06237920a3bd2aa13389f12d3474272988ae205f9\windows-amd64

VM Arguments:
jvm_args: --add-opens=java.base/java.util=ALL-UNNAMED --add-opens=java.base/java.lang=ALL-UNNAMED --add-opens=java.base/java.lang.invoke=ALL-UNNAMED --add-opens=java.prefs/java.util.prefs=ALL-UNNAMED --add-exports=jdk.compiler/com.sun.tools.javac.api=ALL-UNNAMED --add-exports=jdk.compiler/com.sun.tools.javac.util=ALL-UNNAMED --add-opens=java.base/java.nio.charset=ALL-UNNAMED --add-opens=java.base/java.net=ALL-UNNAMED --add-opens=java.base/java.util.concurrent.atomic=ALL-UNNAMED -Xmx4096M -Dfile.encoding=UTF-8 -Duser.country=US -Duser.language=en -Duser.variant -javaagent:C:\Users\Abdo\.gradle\wrapper\dists\gradle-8.9-bin\90cnw93cvbtalezasaz0blq0a\gradle-8.9\lib\agents\gradle-instrumentation-agent-8.9.jar 
java_command: org.gradle.launcher.daemon.bootstrap.GradleDaemon 8.9
java_class_path (initial): C:\Users\Abdo\.gradle\wrapper\dists\gradle-8.9-bin\90cnw93cvbtalezasaz0blq0a\gradle-8.9\lib\gradle-daemon-main-8.9.jar
Launcher Type: SUN_STANDARD

[Global flags]
     intx CICompilerCount                          = 4                                         {product} {ergonomic}
     uint ConcGCThreads                            = 2                                         {product} {ergonomic}
     uint G1ConcRefinementThreads                  = 8                                         {product} {ergonomic}
   size_t G1HeapRegionSize                         = 2097152                                   {product} {ergonomic}
    uintx GCDrainStackTargetSize                   = 64                                        {product} {ergonomic}
   size_t InitialHeapSize                          = 268435456                                 {product} {ergonomic}
   size_t MarkStackSize                            = 4194304                                   {product} {ergonomic}
   size_t MaxHeapSize                              = 4294967296                                {product} {command line}
   size_t MaxNewSize                               = 2575302656                                {product} {ergonomic}
   size_t MinHeapDeltaBytes                        = 2097152                                   {product} {ergonomic}
   size_t MinHeapSize                              = 8388608                                   {product} {ergonomic}
    uintx NonNMethodCodeHeapSize                   = 5839372                                {pd product} {ergonomic}
    uintx NonProfiledCodeHeapSize                  = 122909434                              {pd product} {ergonomic}
    uintx ProfiledCodeHeapSize                     = 122909434                              {pd product} {ergonomic}
    uintx ReservedCodeCacheSize                    = 251658240                              {pd product} {ergonomic}
     bool SegmentedCodeCache                       = true                                      {product} {ergonomic}
   size_t SoftMaxHeapSize                          = 4294967296                             {manageable} {ergonomic}
     bool UseCompressedOops                        = true                           {product lp64_product} {ergonomic}
     bool UseG1GC                                  = true                                      {product} {ergonomic}
     bool UseLargePagesIndividualAllocation        = false                                  {pd product} {ergonomic}

Logging:
Log output configuration:
 #0: stdout all=warning uptime,level,tags foldmultilines=false
 #1: stderr all=off uptime,level,tags foldmultilines=false

Release file:
IMPLEMENTOR="Amazon.com Inc." 
IMPLEMENTOR_VERSION="Corretto-21.0.11.10.1" 
JAVA_RUNTIME_VERSION="21.0.11+10-LTS" 
JAVA_VERSION="21.0.11" 
JAVA_VERSION_DATE="2026-04-21" 
LIBC="default" 
MODULES="java.base java.compiler java.datatransfer java.xml java.prefs java.desktop java.instrument java.logging java.management java.security.sasl java.naming java.rmi java.management.rmi java.net.http java.scripting java.security.jgss java.transaction.xa java.sql java.sql.rowset java.xml.crypto java.se java.smartcardio jdk.accessibility jdk.internal.jvmstat jdk.attach jdk.charsets jdk.internal.opt jdk.zipfs jdk.compiler jdk.crypto.ec jdk.crypto.cryptoki jdk.crypto.mscapi jdk.dynalink jdk.internal.ed jdk.editpad jdk.hotspot.agent jdk.httpserver jdk.incubator.vector jdk.internal.le jdk.internal.vm.ci jdk.internal.vm.compiler jdk.internal.vm.compiler.management jdk.jartool jdk.javadoc jdk.jcmd jdk.management jdk.management.agent jdk.jconsole jdk.jdeps jdk.jdwp.agent jdk.jdi jdk.jfr jdk.jlink jdk.jpackage jdk.jshell jdk.jsobject jdk.jstatd jdk.localedata jdk.management.jfr jdk.naming.dns jdk.naming.rmi jdk.net jdk.nio.mapmode jdk.random jdk.sctp jdk.security.auth jdk.security.jgss jdk.unsupported jdk.unsupported.desktop jdk.xml.dom" 
OS_ARCH="x86_64" 
OS_NAME="Windows" 
SOURCE="" 

Environment Variables:
JAVA_HOME=C:\Gradle\jdk-17
PATH=C:\Users\Abdo\.codex\tmp\arg0\codex-arg0sLwxii;C:\Users\Abdo\.cache\codex-runtimes\codex-primary-runtime\dependencies\bin\override;C:\Program Files\Common Files\Oracle\Java\javapath;C:\Program Files (x86)\Common Files\Oracle\Java\java8path;C:\Program Files (x86)\Common Files\Oracle\Java\javapath;C:\Program Files (x86)\Intel\iCLS Client\;C:\Program Files\Intel\iCLS Client\;C:\Windows\system32;C:\Windows;C:\Windows\System32\Wbem;C:\Windows\System32\WindowsPowerShell\v1.0\;C:\Windows\System32\OpenSSH\;C:\Program Files (x86)\Intel\Intel(R) Management Engine Components\DAL;C:\Program Files\Intel\Intel(R) Management Engine Components\DAL;C:\Program Files (x86)\Intel\Intel(R) Management Engine Components\IPT;C:\Program Files\Intel\Intel(R) Management Engine Components\IPT;C:\Program Files (x86)\AMD\ATI.ACE\Core-Static;C:\Program Files\dotnet\;C:\src\flutter\bin;C:\Program Files\Java\jdk-11.0.18\bin;C:\Program Files\Common Files\Oracle\Java\javapath;C:\Users\Abdo\AppData\Local\Pub\Cache\bin;C:\Windows\SysWow64;C:\Program Files\Java\jdk1.6.0_16\bin;C:\Users\Abdo\AppData\Local\Android\Sdk\platforms;C:\Users\Abdo\AppData\Local\Android\Sdk\platform-tools;C:\Program Files\Git\cmd;C:\Program Files\Git LFS;C:\Users\Abdo\.kimi-code\bin;C:\Users\Abdo\StudioProjects\osama;C:\Users\Abdo\AppData\Local\Programs\Microsoft VS Code\bin;C:\Program Files\JetBrains\IntelliJ IDEA 2025.3.2\bin;C:\Users\Abdo\AppData\Local\Programs\cursor\resources\app\bin;C:\Users\Abdo\AppData\Local\Programs\Devin\bin;C:\Users\Abdo\.cache\codex-runtimes\codex-primary-runtime\dependencies\bin\fallback;C:\Users\Abdo\AppData\Local\OpenAI\Codex\bin\ada252862d154cdd;C:\Program Files\WindowsApps\OpenAI.Codex_26.715.9079.0_x64__2p2nqsd0c76g0\app\resources
USERNAME=Abdo
SHELL=C:\Windows\System32\WindowsPowerShell\v1.0\powershell.exe
OS=Windows_NT
PROCESSOR_IDENTIFIER=Intel64 Family 6 Model 60 Stepping 3, GenuineIntel
TMP=C:\Users\Abdo\AppData\Local\Temp
TEMP=C:\Users\Abdo\AppData\Local\Temp




Periodic native trim disabled

---------------  S Y S T E M  ---------------

OS:
 Windows 10 , 64 bit Build 19041 (10.0.19041.1889)
OS uptime: 0 days 2:57 hours
Hyper-V role detected

CPU: total 8 (initial active 8) (4 cores per cpu, 2 threads per core) family 6 model 60 stepping 3 microcode 0x27, cx8, cmov, fxsr, ht, mmx, sse, sse2, sse3, ssse3, sse4.1, sse4.2, popcnt, lzcnt, tsc, tscinvbit, avx, avx2, aes, erms, clmul, bmi1, bmi2, fma, vzeroupper, clflush, hv, rdtscp, f16c
Processor Information for the first 8 processors :
  Max Mhz: 2701, Current Mhz: 1700, Mhz Limit: 1674

Memory: 4k page, system-wide physical 16289M (272M free)
TotalPageFile size 28311M (AvailPageFile size 205M)
current process WorkingSet (physical memory assigned to process): 2279M, peak: 2279M
current process commit charge ("private bytes"): 2394M, peak: 2886M

vm_info: OpenJDK 64-Bit Server VM (21.0.11+10-LTS) for windows-amd64 JRE (21.0.11+10-LTS), built on 2026-04-18T07:30:30Z by "Administrator" with MS VC++ 17.14 (VS2022)

END.
